Date,Description,Reference,Debit,Credit,Balance,Category,TransactionType
2020-01-01,Electrical Wiring Upgrade,EFT4000000,464129.51,,199535870.49,Maintenance,WITHDRAWAL
2020-01-02,Patient Balance Settlement,WIR4000001,,196581.19,199732451.68,Patient Revenue,DEPOSIT
2020-01-04,Medical Doctor Compensation,REF4000002,1284424.68,,198448027.00,Salary Expense,WITHDRAWAL
2020-01-05,Professional Cleaning Service,TXN4000003,239268.70,,198208758.30,Maintenance,WITHDRAWAL
2020-01-06,Vaccination Administration,BAL4000004,,473290.62,198682048.92,Patient Revenue,DEPOSIT
2020-01-07,Reimbursement - Aetna Health,ACH4000005,,3035833.49,201717882.41,Insurance Revenue,DEPOSIT
2020-01-09,Specialty Drug Sales,DEP4000006,,1244695.50,202962577.91,Pharmacy Revenue,DEPOSIT
2020-01-14,Social Security Tax,WIR4000007,755231.51,,202207346.40,Tax Payment,WITHDRAWAL
2020-01-17,Reimbursement - Humana Plus,INV4000008,,2722045.86,204929392.26,Insurance Revenue,DEPOSIT
2020-01-18,Lift System Maintenance,REF4000009,704081.86,,204225310.40,Maintenance,WITHDRAWAL
2020-01-19,Physical Therapy Session,EFT4000010,,335322.39,204560632.79,Patient Revenue,DEPOSIT
2020-01-22,Information Technology,DEP4000011,608938.35,,203951694.44,Salary Expense,WITHDRAWAL
2020-01-25,Reimbursement - United Healthcare,EFT4000012,,1641049.07,205592743.51,Insurance Revenue,DEPOSIT
2020-01-26,Consultation Fee,CHK4000013,,174580.57,205767324.08,Patient Revenue,DEPOSIT
2020-01-30,Vehicle Fleet Lease,TXN4000014,617052.57,,205150271.51,Rent Expense,WITHDRAWAL
2020-01-31,Consultation Fee,DEP4000015,,274708.63,205424980.14,Patient Revenue,DEPOSIT
2020-02-01,Visiting Specialist Fees,TXN4000016,423375.30,,205001604.84,Salary Expense,WITHDRAWAL
2020-02-04,Pharmaceutical Wholesale Markup,REF4000017,,460612.49,205462217.33,Pharmacy Revenue,DEPOSIT
2020-02-07,Vascular Access Equipment,REF4000018,370950.86,,205091266.47,Medical Supplies,WITHDRAWAL
2020-02-10,Physical Therapy Session,TXN4000019,,142170.83,205233437.30,Patient Revenue,DEPOSIT
2020-02-13,Respiratory Support,CHK4000020,1016264.47,,204217172.83,Medical Supplies,WITHDRAWAL
2020-02-15,MRI Scanner Module,DEP4000021,911940.08,,203305232.75,Equipment,WITHDRAWAL
2020-02-17,Diagnostic Services,EFT4000022,,564146.81,203869379.56,Patient Revenue,DEPOSIT
2020-02-18,Reimbursement - Blue Cross Blue Shield,WIR4000023,,2863459.06,206732838.62,Insurance Revenue,DEPOSIT
2020-02-19,Imaging Equipment Lease,DEP4000024,998361.04,,205734477.58,Rent Expense,WITHDRAWAL
2020-02-20,Water Treatment Services,CHK4000025,539772.58,,205194705.00,Utilities,WITHDRAWAL
2020-02-21,State Medicaid Program,DEP4000026,,2268792.12,207463497.12,Insurance Revenue,DEPOSIT
2020-02-23,Reimbursement - Anthem Select,REF4000027,,3426045.86,210889542.98,Insurance Revenue,DEPOSIT
2020-02-25,State Medicaid Program,WIR4000028,,2623113.47,213512656.45,Insurance Revenue,DEPOSIT
2020-03-04,Reimbursement - Blue Cross Blue Shield,TXN4000029,,3348268.53,216860924.98,Insurance Revenue,DEPOSIT
2020-03-05,Sample Management,WIR4000030,218108.92,,216642816.06,Software Expense,WITHDRAWAL
2020-03-07,Medicare Part B Claim,ACH4000031,,3443951.47,220086767.53,Insurance Revenue,DEPOSIT
2020-03-08,Medication Compounding,EFT4000032,,502664.15,220589431.68,Pharmacy Revenue,DEPOSIT
2020-03-11,Security Incident Response,ACH4000033,231274.15,,220358157.53,Software Expense,WITHDRAWAL
2020-03-15,Nursing Staff Payroll,BAL4000034,1482595.53,,218875562.00,Salary Expense,WITHDRAWAL
2020-03-16,Medical Lab Technician,CHK4000035,573296.25,,218302265.75,Salary Expense,WITHDRAWAL
2020-03-17,Nursing Staff Payroll,TXN4000036,1240722.58,,217061543.17,Salary Expense,WITHDRAWAL
2020-03-20,Reimbursement - Cigna PPO,REF4000037,,1352920.64,218414463.81,Insurance Revenue,DEPOSIT
2020-03-25,Nursing Staff Payroll,EFT4000038,465888.72,,217948575.09,Salary Expense,WITHDRAWAL
2020-03-27,Satellite Clinic Lease,DEP4000039,699531.03,,217249044.06,Rent Expense,WITHDRAWAL
2020-03-28,Visiting Specialist Fees,TXN4000040,1122368.05,,216126676.01,Salary Expense,WITHDRAWAL
2020-03-29,Reimbursement - Anthem Select,BAL4000041,,2032329.53,218159005.54,Insurance Revenue,DEPOSIT
2020-03-31,Imaging Center Payment,DEP4000042,,323580.00,218482585.54,Patient Revenue,DEPOSIT
2020-04-02,Patient Balance Settlement,BAL4000043,,345030.64,218827616.18,Patient Revenue,DEPOSIT
2020-04-06,Cloud Services Lease,TXN4000044,455823.24,,218371792.94,Rent Expense,WITHDRAWAL
2020-04-07,Allergy Testing Panel,TXN4000045,,304710.66,218676503.60,Lab Revenue,DEPOSIT
2020-04-08,Information Technology,REF4000046,935221.34,,217741282.26,Salary Expense,WITHDRAWAL
2020-04-09,Operating Room Bill,TXN4000047,,421787.40,218163069.66,Patient Revenue,DEPOSIT
2020-04-10,Environmental Services,TXN4000048,1272194.95,,216890874.71,Salary Expense,WITHDRAWAL
2020-04-14,Medical Lab Technician,CHK4000049,853413.11,,216037461.60,Salary Expense,WITHDRAWAL
2020-04-15,Waste Disposal,WIR4000050,353982.97,,215683478.63,Utilities,WITHDRAWAL
2020-04-17,Consultation Fee,BAL4000051,,493588.64,216177067.27,Patient Revenue,DEPOSIT
2020-04-19,Health Records System License,BAL4000052,157730.86,,216019336.41,Software Expense,WITHDRAWAL
2020-04-21,Reimbursement - Humana Plus,EFT4000053,,2440885.91,218460222.32,Insurance Revenue,DEPOSIT
2020-04-22,Physical Therapy Session,ACH4000054,,33508.72,218493731.04,Patient Revenue,DEPOSIT
2020-04-23,Dental Plan Reimbursement,DEP4000055,,1332639.32,219826370.36,Insurance Revenue,DEPOSIT
2020-04-24,Surgical Robot System,INV4000056,3564272.96,,216262097.40,Equipment,WITHDRAWAL
2020-04-25,Reimbursement - Aetna Health,WIR4000057,,475938.17,216738035.57,Insurance Revenue,DEPOSIT
2020-04-26,Nursing Staff Payroll,ACH4000058,769263.77,,215968771.80,Salary Expense,WITHDRAWAL
2020-05-01,Campus Security,WIR4000059,914076.52,,215054695.28,Salary Expense,WITHDRAWAL
2020-05-02,Reimbursement - Aetna Health,CHK4000060,,1433852.71,216488547.99,Insurance Revenue,DEPOSIT
2020-05-03,Backup Generator Maintenance,ACH4000061,302370.77,,216186177.22,Utilities,WITHDRAWAL
2020-05-04,Compressed Air Systems,CHK4000062,332820.24,,215853356.98,Utilities,WITHDRAWAL
2020-05-08,Advanced Wound Care,INV4000063,143213.94,,215710143.04,Medical Supplies,WITHDRAWAL
2020-05-13,Over-the-Counter Sales,WIR4000064,,1251214.74,216961357.78,Pharmacy Revenue,DEPOSIT
2020-05-14,State Medicaid Program,CHK4000065,,1567636.40,218528994.18,Insurance Revenue,DEPOSIT
2020-05-15,Injectable Medication Sales,EFT4000066,,495135.84,219024130.02,Pharmacy Revenue,DEPOSIT
2020-05-16,Imaging Center Payment,INV4000067,,186911.63,219211041.65,Patient Revenue,DEPOSIT
2020-05-18,Dental Plan Reimbursement,CHK4000068,,2825291.32,222036332.97,Insurance Revenue,DEPOSIT
2020-05-20,Protective Gear and Clothing,ACH4000069,968054.97,,221068278.00,Medical Supplies,WITHDRAWAL
2020-05-21,Waste Disposal,DEP4000070,535879.25,,220532398.75,Utilities,WITHDRAWAL
2020-05-25,Patient Beds and Mattresses,CHK4000071,902367.92,,219630030.83,Medical Supplies,WITHDRAWAL
2020-05-26,Automated Lab Analyzer,DEP4000072,1644068.55,,217985962.28,Equipment,WITHDRAWAL
2020-05-27,Vaccination Administration,EFT4000073,,676230.37,218662192.65,Patient Revenue,DEPOSIT
2020-05-29,Imaging Equipment Lease,EFT4000074,460345.04,,218201847.61,Rent Expense,WITHDRAWAL
2020-05-31,Visiting Specialist Fees,TXN4000075,435728.81,,217766118.80,Salary Expense,WITHDRAWAL
2020-06-05,Electrical Power Supply,TXN4000076,247217.56,,217518901.24,Utilities,WITHDRAWAL
2020-06-06,Drape and Covering Supplies,TXN4000077,985871.91,,216533029.33,Medical Supplies,WITHDRAWAL
2020-06-07,Point of Care Device,REF4000078,892831.42,,215640197.91,Equipment,WITHDRAWAL
2020-06-08,Reimbursement - Humana Plus,REF4000079,,3436012.38,219076210.29,Insurance Revenue,DEPOSIT
2020-06-09,Behavioral Health Reimbursement,REF4000080,,306539.04,219382749.33,Insurance Revenue,DEPOSIT
2020-06-10,Imaging Center Payment,CHK4000081,,385412.56,219768161.89,Patient Revenue,DEPOSIT
2020-06-11,State Medicaid Program,INV4000082,,2210155.30,221978317.19,Insurance Revenue,DEPOSIT
2020-06-12,Over-the-Counter Sales,REF4000083,,451420.50,222429737.69,Pharmacy Revenue,DEPOSIT
2020-06-13,Medicare Part B Claim,CHK4000084,,2413893.34,224843631.03,Insurance Revenue,DEPOSIT
2020-06-14,Protective Gear and Clothing,TXN4000085,849572.18,,223994058.85,Medical Supplies,WITHDRAWAL
2020-06-19,Medical Doctor Compensation,ACH4000086,544633.95,,223449424.90,Salary Expense,WITHDRAWAL
2020-06-23,Urgent Care Visit,EFT4000087,,126742.43,223576167.33,Patient Revenue,DEPOSIT
2020-06-24,Reimbursement - Humana Plus,WIR4000088,,288737.67,223864905.00,Insurance Revenue,DEPOSIT
2020-06-27,Medical Lab Technician,INV4000089,921791.98,,222943113.02,Salary Expense,WITHDRAWAL
2020-06-29,Advanced Genomic Testing,TXN4000090,,975897.36,223919010.38,Lab Revenue,DEPOSIT
2020-07-01,Administrative Personnel,INV4000091,1345232.77,,222573777.61,Salary Expense,WITHDRAWAL
2020-07-02,Drug Administration Fee,DEP4000092,,68193.84,222641971.45,Patient Revenue,DEPOSIT
2020-07-04,Foundation and Structure,BAL4000093,691859.11,,221950112.34,Maintenance,WITHDRAWAL
2020-07-07,Over-the-Counter Sales,BAL4000094,,276665.95,222226778.29,Pharmacy Revenue,DEPOSIT
2020-07-09,Pest Control Treatment,EFT4000095,126439.59,,222100338.70,Maintenance,WITHDRAWAL
2020-07-10,Hypodermic Needles and Syringes,DEP4000096,127771.95,,221972566.75,Medical Supplies,WITHDRAWAL
2020-07-11,Tissue Sample Analysis,CHK4000097,,669131.28,222641698.03,Lab Revenue,DEPOSIT
2020-07-12,Emergency Transport Lease,TXN4000098,508673.33,,222133024.70,Rent Expense,WITHDRAWAL
2020-07-15,Physical Therapy Session,EFT4000099,,25905.04,222158929.74,Patient Revenue,DEPOSIT
2020-07-16,Campus Security,BAL4000100,1344118.30,,220814811.44,Salary Expense,WITHDRAWAL
2020-07-23,Nursing Staff Payroll,EFT4000101,1092092.69,,219722718.75,Salary Expense,WITHDRAWAL
2020-07-24,Administrative Personnel,EFT4000102,1305606.35,,218417112.40,Salary Expense,WITHDRAWAL
2020-07-27,Backup Generator Maintenance,INV4000103,262983.92,,218154128.48,Utilities,WITHDRAWAL
2020-07-28,Environmental Services,ACH4000104,453299.43,,217700829.05,Salary Expense,WITHDRAWAL
2020-07-29,Physical Therapy Session,INV4000105,,412976.54,218113805.59,Patient Revenue,DEPOSIT
2020-07-30,Surgical Instrument Packs,EFT4000106,924659.48,,217189146.11,Medical Supplies,WITHDRAWAL
2020-07-31,Controlled Substance Dispensing,INV4000107,,463879.75,217653025.86,Pharmacy Revenue,DEPOSIT
2020-08-05,Risk Mitigation Fund,ACH4000108,,61296.72,217714322.58,Transfer,TRANSFER
2020-08-07,Antibiotic Treatment,TXN4000109,,529330.39,218243652.97,Pharmacy Revenue,DEPOSIT
2020-08-11,Vaccination Administration,EFT4000110,,97158.33,218340811.30,Patient Revenue,DEPOSIT
2020-08-14,Behavioral Health Reimbursement,EFT4000111,,2863895.61,221204706.91,Insurance Revenue,DEPOSIT
2020-08-16,Primary Facility Lease,CHK4000112,1114984.66,,220089722.25,Rent Expense,WITHDRAWAL
2020-08-17,Vascular Access Equipment,INV4000113,351060.40,,219738661.85,Medical Supplies,WITHDRAWAL
2020-08-25,Surgical Equipment Rental,DEP4000114,1071148.20,,218667513.65,Rent Expense,WITHDRAWAL
2020-08-27,Consultation Fee,WIR4000115,,167685.59,218835199.24,Patient Revenue,DEPOSIT
2020-08-28,State Income Withholding,ACH4000116,606819.28,,218228379.96,Tax Payment,WITHDRAWAL
2020-08-30,IV Therapy Administration,INV4000117,,1164726.33,219393106.29,Pharmacy Revenue,DEPOSIT
2020-08-31,Campus Security,CHK4000118,416488.36,,218976617.93,Salary Expense,WITHDRAWAL
2020-09-02,Reimbursement - United Healthcare,EFT4000119,,2731026.98,221707644.91,Insurance Revenue,DEPOSIT
2020-09-03,Toxicology Screen,BAL4000120,,834273.28,222541918.19,Lab Revenue,DEPOSIT
2020-09-06,Visiting Specialist Fees,INV4000121,483407.18,,222058511.01,Salary Expense,WITHDRAWAL
2020-09-09,Reimbursement - Cigna PPO,ACH4000122,,1432627.50,223491138.51,Insurance Revenue,DEPOSIT
2020-09-10,Medical Lab Technician,WIR4000123,1518642.48,,221972496.03,Salary Expense,WITHDRAWAL
2020-09-11,Toxicology Screen,DEP4000124,,313385.13,222285881.16,Lab Revenue,DEPOSIT
2020-09-15,Patient Balance Settlement,BAL4000125,,431426.17,222717307.33,Patient Revenue,DEPOSIT
2020-09-16,Campus Security,REF4000126,832229.25,,221885078.08,Salary Expense,WITHDRAWAL
2020-09-18,Surgical Robot System,CHK4000127,1711953.94,,220173124.14,Equipment,WITHDRAWAL
2020-09-21,Fire Safety System,DEP4000128,315048.78,,219858075.36,Maintenance,WITHDRAWAL
2020-09-23,Vaccination Administration,INV4000129,,358125.72,220216201.08,Patient Revenue,DEPOSIT
2020-09-24,Reimbursement - United Healthcare,CHK4000130,,2949560.27,223165761.35,Insurance Revenue,DEPOSIT
2020-09-27,Controlled Substance Dispensing,REF4000131,,181105.63,223346866.98,Pharmacy Revenue,DEPOSIT
2020-09-28,Specialty Drug Sales,TXN4000132,,1012109.11,224358976.09,Pharmacy Revenue,DEPOSIT
2020-10-03,Consultation Fee,WIR4000133,,294708.81,224653684.90,Patient Revenue,DEPOSIT
2020-10-07,Vascular Access Equipment,INV4000134,271987.25,,224381697.65,Medical Supplies,WITHDRAWAL
2020-10-09,Reimbursement - Humana Plus,TXN4000135,,2471922.33,226853619.98,Insurance Revenue,DEPOSIT
2020-10-12,Microsoft Enterprise,EFT4000136,150574.69,,226703045.29,Software Expense,WITHDRAWAL
2020-10-15,Administrative Personnel,BAL4000137,1419832.63,,225283212.66,Salary Expense,WITHDRAWAL
2020-10-16,Advanced Wound Care,DEP4000138,549283.08,,224733929.58,Medical Supplies,WITHDRAWAL
2020-10-18,Encrypted Data Backup,TXN4000139,293382.84,,224440546.74,Software Expense,WITHDRAWAL
2020-10-22,Consultation Fee,DEP4000140,,300470.97,224741017.71,Patient Revenue,DEPOSIT
2020-10-30,Billing and Coding Staff,EFT4000141,818496.31,,223922521.40,Salary Expense,WITHDRAWAL
2020-11-02,Reimbursement - Blue Cross Blue Shield,CHK4000142,,2428090.97,226350612.37,Insurance Revenue,DEPOSIT
2020-11-04,Advanced Genomic Testing,CHK4000143,,736921.17,227087533.54,Lab Revenue,DEPOSIT
2020-11-08,Consultation Fee,WIR4000144,,260625.73,227348159.27,Patient Revenue,DEPOSIT
2020-11-12,Medical Lab Technician,REF4000145,1337042.64,,226011116.63,Salary Expense,WITHDRAWAL
2020-11-15,Physical Therapy Session,REF4000146,,454360.28,226465476.91,Patient Revenue,DEPOSIT
2020-11-16,Billing and Coding Staff,INV4000147,1140527.51,,225324949.40,Salary Expense,WITHDRAWAL
2020-11-17,Reimbursement - United Healthcare,REF4000148,,883756.86,226208706.26,Insurance Revenue,DEPOSIT
2020-11-19,State Medicaid Program,DEP4000149,,2201421.86,228410128.12,Insurance Revenue,DEPOSIT
2020-11-21,Emergency Room Charges,REF4000150,,406194.96,228816323.08,Patient Revenue,DEPOSIT
2020-11-23,Behavioral Health Reimbursement,WIR4000151,,690468.47,229506791.55,Insurance Revenue,DEPOSIT
2020-11-29,Electrical Wiring Upgrade,WIR4000152,638416.58,,228868374.97,Maintenance,WITHDRAWAL
2020-12-01,Surgical Instrument Packs,WIR4000153,431626.97,,228436748.00,Medical Supplies,WITHDRAWAL
2020-12-02,Environmental Services,DEP4000154,1508374.24,,226928373.76,Salary Expense,WITHDRAWAL
2020-12-05,Immunization Services,TXN4000155,,330094.06,227258467.82,Pharmacy Revenue,DEPOSIT
2020-12-06,Patient Beds and Mattresses,CHK4000156,908437.53,,226350030.29,Medical Supplies,WITHDRAWAL
2020-12-08,Point of Care Device,CHK4000157,1844762.00,,224505268.29,Equipment,WITHDRAWAL
2020-12-13,Plumbing System Service,ACH4000158,249791.66,,224255476.63,Maintenance,WITHDRAWAL
2020-12-15,Reimbursement - United Healthcare,INV4000159,,332392.58,224587869.21,Insurance Revenue,DEPOSIT
2020-12-17,Urgent Care Visit,CHK4000160,,508522.75,225096391.96,Patient Revenue,DEPOSIT
2020-12-22,Patient Balance Settlement,DEP4000161,,462748.24,225559140.20,Patient Revenue,DEPOSIT
2020-12-25,Diagnostic Services,ACH4000162,,546177.23,226105317.43,Patient Revenue,DEPOSIT
2020-12-26,Primary Facility Lease,ACH4000163,578060.76,,225527256.67,Rent Expense,WITHDRAWAL
2020-12-27,Consultation Fee,BAL4000164,,184670.30,225711926.97,Patient Revenue,DEPOSIT
2020-12-28,Patient Beds and Mattresses,BAL4000165,116571.45,,225595355.52,Medical Supplies,WITHDRAWAL
2020-12-31,Medicare Part B Claim,WIR4000166,,2300321.61,227895677.13,Insurance Revenue,DEPOSIT
2021-01-01,Imaging Center Payment,DEP4000167,,587234.03,228482911.16,Patient Revenue,DEPOSIT
2021-01-02,Emergency Room Charges,REF4000168,,141263.75,228624174.91,Patient Revenue,DEPOSIT
2021-01-03,Waste Disposal,BAL4000169,516436.41,,228107738.50,Utilities,WITHDRAWAL
2021-01-05,Prescription Filling Revenue,EFT4000170,,301355.20,228409093.70,Pharmacy Revenue,DEPOSIT
2021-01-09,Diagnostic Services,DEP4000171,,395944.11,228805037.81,Patient Revenue,DEPOSIT
2021-01-12,Over-the-Counter Sales,INV4000172,,366259.45,229171297.26,Pharmacy Revenue,DEPOSIT
2021-01-16,Consultation Fee,REF4000173,,318789.43,229490086.69,Patient Revenue,DEPOSIT
2021-01-22,Reimbursement - United Healthcare,BAL4000174,,888462.21,230378548.90,Insurance Revenue,DEPOSIT
2021-01-23,State Medicaid Program,WIR4000175,,2945254.26,233323803.16,Insurance Revenue,DEPOSIT
2021-01-25,Specialty Drug Sales,BAL4000176,,1129991.57,234453794.73,Pharmacy Revenue,DEPOSIT
2021-01-27,Urgent Care Visit,TXN4000177,,347531.88,234801326.61,Patient Revenue,DEPOSIT
2021-01-28,Antibiotic Treatment,CHK4000178,,300705.80,235102032.41,Pharmacy Revenue,DEPOSIT
2021-01-29,Reimbursement - Aetna Health,EFT4000179,,2521122.35,237623154.76,Insurance Revenue,DEPOSIT
2021-02-01,Medicare Part B Claim,REF4000180,,703654.88,238326809.64,Insurance Revenue,DEPOSIT
2021-02-02,Respiratory Support,REF4000181,222166.43,,238104643.21,Medical Supplies,WITHDRAWAL
2021-02-04,Pharmaceutical Wholesale Markup,REF4000182,,1188632.14,239293275.35,Pharmacy Revenue,DEPOSIT
2021-02-05,Reimbursement - Cigna PPO,EFT4000183,,1913908.96,241207184.31,Insurance Revenue,DEPOSIT
2021-02-06,Consultation Fee,DEP4000184,,710115.03,241917299.34,Patient Revenue,DEPOSIT
2021-02-09,Clinical Fellow Stipend,WIR4000185,692489.94,,241224809.40,Salary Expense,WITHDRAWAL
2021-02-10,Reimbursement - United Healthcare,CHK4000186,,1980561.41,243205370.81,Insurance Revenue,DEPOSIT
2021-02-13,Administrative Personnel,TXN4000187,669254.27,,242536116.54,Salary Expense,WITHDRAWAL
2021-02-17,Advanced Wound Care,REF4000188,280122.07,,242255994.47,Medical Supplies,WITHDRAWAL
2021-02-18,Medicare Part B Claim,BAL4000189,,1775961.02,244031955.49,Insurance Revenue,DEPOSIT
2021-02-19,Visiting Specialist Fees,WIR4000190,803420.57,,243228534.92,Salary Expense,WITHDRAWAL
2021-02-20,Protective Gear and Clothing,INV4000191,421311.56,,242807223.36,Medical Supplies,WITHDRAWAL
2021-02-21,Imaging Equipment Lease,BAL4000192,750981.89,,242056241.47,Rent Expense,WITHDRAWAL
2021-02-22,Diagnostic Services,DEP4000193,,333790.14,242390031.61,Patient Revenue,DEPOSIT
2021-02-27,Surgical Instrument Packs,TXN4000194,242633.30,,242147398.31,Medical Supplies,WITHDRAWAL
2021-03-05,Drug Administration Fee,REF4000195,,246103.15,242393501.46,Patient Revenue,DEPOSIT
2021-03-07,Diagnostic Services,INV4000196,,192746.75,242586248.21,Patient Revenue,DEPOSIT
2021-03-11,Diagnostic Services,BAL4000197,,321158.74,242907406.95,Patient Revenue,DEPOSIT
2021-03-13,Billing and Coding Staff,BAL4000198,950275.28,,241957131.67,Salary Expense,WITHDRAWAL
2021-03-14,Clinical Fellow Stipend,DEP4000199,634294.52,,241322837.15,Salary Expense,WITHDRAWAL
2021-03-16,Patient Balance Settlement,INV4000200,,303878.31,241626715.46,Patient Revenue,DEPOSIT
2021-03-18,Lift System Maintenance,DEP4000201,501197.28,,241125518.18,Maintenance,WITHDRAWAL
2021-03-19,Protective Gear and Clothing,ACH4000202,1133460.53,,239992057.65,Medical Supplies,WITHDRAWAL
2021-03-20,Reimbursement - Aetna Health,DEP4000203,,867497.75,240859555.40,Insurance Revenue,DEPOSIT
2021-03-27,Vehicle Fleet Lease,DEP4000204,1124027.56,,239735527.84,Rent Expense,WITHDRAWAL
2021-03-30,Nursing Staff Payroll,INV4000205,1459506.82,,238276021.02,Salary Expense,WITHDRAWAL
2021-03-31,Reimbursement - Blue Cross Blue Shield,INV4000206,,1326372.03,239602393.05,Insurance Revenue,DEPOSIT
2021-04-02,Preventive Equipment Service,TXN4000207,234596.89,,239367796.16,Maintenance,WITHDRAWAL
2021-04-06,Cloud Services Lease,EFT4000208,848260.05,,238519536.11,Rent Expense,WITHDRAWAL
2021-04-07,Operating Reserve Transfer,INV4000209,22852.85,,238496683.26,Transfer,TRANSFER
2021-04-10,Pest Control Treatment,INV4000210,686269.81,,237810413.45,Maintenance,WITHDRAWAL
2021-04-16,Pharmaceutical Wholesale Markup,TXN4000211,,88718.59,237899132.04,Pharmacy Revenue,DEPOSIT
2021-04-25,Respiratory Support,DEP4000212,930307.03,,236968825.01,Medical Supplies,WITHDRAWAL
2021-04-28,Mechanical Ventilator,ACH4000213,3033029.83,,233935795.18,Equipment,WITHDRAWAL
2021-04-30,Laboratory Test Kits,CHK4000214,593897.53,,233341897.65,Medical Supplies,WITHDRAWAL
2021-05-01,Vascular Access Equipment,EFT4000215,392140.05,,232949757.60,Medical Supplies,WITHDRAWAL
2021-05-02,Environmental Services,WIR4000216,1224799.80,,231724957.80,Salary Expense,WITHDRAWAL
2021-05-05,Patient Beds and Mattresses,TXN4000217,804773.67,,230920184.13,Medical Supplies,WITHDRAWAL
2021-05-06,Surgical Instrument Packs,ACH4000218,322915.45,,230597268.68,Medical Supplies,WITHDRAWAL
2021-05-08,Campus Security,WIR4000219,1468840.74,,229128427.94,Salary Expense,WITHDRAWAL
2021-05-10,Operating Room Bill,TXN4000220,,291638.89,229420066.83,Patient Revenue,DEPOSIT
2021-05-12,Thyroid Function Panel,DEP4000221,,859977.76,230280044.59,Lab Revenue,DEPOSIT
2021-05-13,Respiratory Support,EFT4000222,1159515.93,,229120528.66,Medical Supplies,WITHDRAWAL
2021-05-15,Sample Management,REF4000223,381251.71,,228739276.95,Software Expense,WITHDRAWAL
2021-05-18,Imaging Center Payment,BAL4000224,,704275.86,229443552.81,Patient Revenue,DEPOSIT
2021-05-19,Behavioral Health Reimbursement,BAL4000225,,1128939.52,230572492.33,Insurance Revenue,DEPOSIT
2021-05-23,State Medicaid Program,WIR4000226,,3015549.23,233588041.56,Insurance Revenue,DEPOSIT
2021-05-24,Campus Security,BAL4000227,597966.45,,232990075.11,Salary Expense,WITHDRAWAL
2021-05-25,Urgent Care Visit,WIR4000228,,157837.07,233147912.18,Patient Revenue,DEPOSIT
2021-05-31,Medical Doctor Compensation,WIR4000229,798667.56,,232349244.62,Salary Expense,WITHDRAWAL
2021-06-01,Campus Security,WIR4000230,1347354.89,,231001889.73,Salary Expense,WITHDRAWAL
2021-06-03,Federal Estimated Tax,EFT4000231,904844.26,,230097045.47,Tax Payment,WITHDRAWAL
2021-06-04,Operating Room Bill,EFT4000232,,166568.71,230263614.18,Patient Revenue,DEPOSIT
2021-06-05,Diagnostic Services,ACH4000233,,250177.08,230513791.26,Patient Revenue,DEPOSIT
2021-06-06,Emergency Room Charges,REF4000234,,144201.92,230657993.18,Patient Revenue,DEPOSIT
2021-06-07,Diagnostic Services,REF4000235,,537850.69,231195843.87,Patient Revenue,DEPOSIT
2021-06-08,Controlled Substance Dispensing,ACH4000236,,311255.09,231507098.96,Pharmacy Revenue,DEPOSIT
2021-06-10,Vaccination Administration,WIR4000237,,593443.46,232100542.42,Patient Revenue,DEPOSIT
2021-06-11,Medical Doctor Compensation,WIR4000238,854327.33,,231246215.09,Salary Expense,WITHDRAWAL
2021-06-12,Imaging Center Payment,INV4000239,,713321.31,231959536.40,Patient Revenue,DEPOSIT
2021-06-14,Reimbursement - Anthem Select,WIR4000240,,1161129.12,233120665.52,Insurance Revenue,DEPOSIT
2021-06-15,Reimbursement - Cigna PPO,BAL4000241,,2054023.76,235174689.28,Insurance Revenue,DEPOSIT
2021-06-18,Drug Administration Fee,TXN4000242,,332711.75,235507401.03,Patient Revenue,DEPOSIT
2021-06-19,Information Technology,REF4000243,1020483.62,,234486917.41,Salary Expense,WITHDRAWAL
2021-06-23,Reimbursement - Anthem Select,DEP4000244,,909519.38,235396436.79,Insurance Revenue,DEPOSIT
2021-06-26,Medical Doctor Compensation,BAL4000245,1234081.25,,234162355.54,Salary Expense,WITHDRAWAL
2021-06-29,Information Technology,REF4000246,1464401.92,,232697953.62,Salary Expense,WITHDRAWAL
2021-07-01,Reimbursement - Humana Plus,CHK4000247,,390136.05,233088089.67,Insurance Revenue,DEPOSIT
2021-07-03,Microsoft Enterprise,BAL4000248,114914.15,,232973175.52,Software Expense,WITHDRAWAL
2021-07-04,MRI Scanner Module,BAL4000249,1103186.32,,231869989.20,Equipment,WITHDRAWAL
2021-07-07,Imaging Center Payment,EFT4000250,,204237.19,232074226.39,Patient Revenue,DEPOSIT
2021-07-10,Operating Room Bill,ACH4000251,,531418.48,232605644.87,Patient Revenue,DEPOSIT
2021-07-13,Toxicology Screen,TXN4000252,,1054105.30,233659750.17,Lab Revenue,DEPOSIT
2021-07-14,Billing and Coding Staff,INV4000253,1404363.01,,232255387.16,Salary Expense,WITHDRAWAL
2021-07-17,Clinical Fellow Stipend,BAL4000254,941718.02,,231313669.14,Salary Expense,WITHDRAWAL
2021-07-18,Consultation Fee,DEP4000255,,385047.26,231698716.40,Patient Revenue,DEPOSIT
2021-07-20,Electrical Wiring Upgrade,INV4000256,243432.09,,231455284.31,Maintenance,WITHDRAWAL
2021-07-21,MRI Scanner Module,TXN4000257,3145021.81,,228310262.50,Equipment,WITHDRAWAL
2021-07-22,Reimbursement - Blue Cross Blue Shield,EFT4000258,,2782244.85,231092507.35,Insurance Revenue,DEPOSIT
2021-07-23,Business Income Tax,WIR4000259,1214474.29,,229878033.06,Tax Payment,WITHDRAWAL
2021-07-25,Surgical Adhesives,DEP4000260,884736.06,,228993297.00,Medical Supplies,WITHDRAWAL
2021-07-26,Risk Mitigation Fund,CHK4000261,84732.35,,228908564.65,Transfer,TRANSFER
2021-07-27,Network and Internet,REF4000262,379172.86,,228529391.79,Utilities,WITHDRAWAL
2021-07-29,Physical Therapy Session,EFT4000263,,629620.85,229159012.64,Patient Revenue,DEPOSIT
2021-07-30,Vehicle Fleet Lease,INV4000264,825770.55,,228333242.09,Rent Expense,WITHDRAWAL
2021-07-31,Environmental Services,REF4000265,1394777.57,,226938464.52,Salary Expense,WITHDRAWAL
2021-08-01,Emergency Room Charges,DEP4000266,,300205.64,227238670.16,Patient Revenue,DEPOSIT
2021-08-06,Pathology Microscope,ACH4000267,1967548.15,,225271122.01,Equipment,WITHDRAWAL
2021-08-09,Dental Plan Reimbursement,INV4000268,,708484.07,225979606.08,Insurance Revenue,DEPOSIT
2021-08-10,Patient Balance Settlement,WIR4000269,,535675.84,226515281.92,Patient Revenue,DEPOSIT
2021-08-11,Reimbursement - Aetna Health,INV4000270,,3415819.89,229931101.81,Insurance Revenue,DEPOSIT
2021-08-12,State Income Withholding,DEP4000271,1396196.32,,228534905.49,Tax Payment,WITHDRAWAL
2021-08-13,Environmental Services,REF4000272,1401541.87,,227133363.62,Salary Expense,WITHDRAWAL
2021-08-18,Antibiotic Treatment,CHK4000273,,814660.91,227948024.53,Pharmacy Revenue,DEPOSIT
2021-08-24,Visiting Specialist Fees,DEP4000274,1001623.95,,226946400.58,Salary Expense,WITHDRAWAL
2021-08-25,Billing and Coding Staff,ACH4000275,1413842.27,,225532558.31,Salary Expense,WITHDRAWAL
2021-08-29,Urgent Care Visit,ACH4000276,,258288.44,225790846.75,Patient Revenue,DEPOSIT
2021-08-30,Regulatory Filing Fee,INV4000277,388874.35,,225401972.40,Tax Payment,WITHDRAWAL
2021-09-04,State Medicaid Program,REF4000278,,325444.10,225727416.50,Insurance Revenue,DEPOSIT
2021-09-07,Drape and Covering Supplies,BAL4000279,1039542.20,,224687874.30,Medical Supplies,WITHDRAWAL
2021-09-08,Environmental Services,INV4000280,1040143.28,,223647731.02,Salary Expense,WITHDRAWAL
2021-09-10,Operating Room Bill,TXN4000281,,136592.26,223784323.28,Patient Revenue,DEPOSIT
2021-09-12,Drug Administration Fee,INV4000282,,685053.76,224469377.04,Patient Revenue,DEPOSIT
2021-09-13,Reimbursement - Cigna PPO,EFT4000283,,3398691.45,227868068.49,Insurance Revenue,DEPOSIT
2021-09-15,Security Incident Response,EFT4000284,283106.87,,227584961.62,Software Expense,WITHDRAWAL
2021-09-24,Pest Control Treatment,DEP4000285,715662.30,,226869299.32,Maintenance,WITHDRAWAL
2021-09-25,Operating Room Bill,EFT4000286,,260470.41,227129769.73,Patient Revenue,DEPOSIT
2021-09-26,Medication Compounding,INV4000287,,1266839.75,228396609.48,Pharmacy Revenue,DEPOSIT
2021-09-28,Security Incident Response,BAL4000288,215690.80,,228180918.68,Software Expense,WITHDRAWAL
2021-09-30,Drug Administration Fee,ACH4000289,,23418.54,228204337.22,Patient Revenue,DEPOSIT
2021-10-02,Reimbursement - Cigna PPO,CHK4000290,,2831237.01,231035574.23,Insurance Revenue,DEPOSIT
2021-10-03,Campus Security,INV4000291,1518887.49,,229516686.74,Salary Expense,WITHDRAWAL
2021-10-04,Visiting Specialist Fees,INV4000292,916468.92,,228600217.82,Salary Expense,WITHDRAWAL
2021-10-07,Reimbursement - Cigna PPO,EFT4000293,,1141623.54,229741841.36,Insurance Revenue,DEPOSIT
2021-10-10,Operating Room Bill,ACH4000294,,102861.00,229844702.36,Patient Revenue,DEPOSIT
2021-10-11,Reimbursement - Anthem Select,ACH4000295,,2918301.57,232763003.93,Insurance Revenue,DEPOSIT
2021-10-12,Billing and Coding Staff,REF4000296,417145.88,,232345858.05,Salary Expense,WITHDRAWAL
2021-10-13,Campus Security,WIR4000297,1268071.61,,231077786.44,Salary Expense,WITHDRAWAL
2021-10-15,Prescription Filling Revenue,CHK4000298,,384547.79,231462334.23,Pharmacy Revenue,DEPOSIT
2021-10-16,Imaging Equipment Lease,ACH4000299,911760.17,,230550574.06,Rent Expense,WITHDRAWAL
2021-10-17,Diagnostic Services,EFT4000300,,366348.86,230916922.92,Patient Revenue,DEPOSIT
2021-10-21,Billing and Coding Staff,INV4000301,1118535.22,,229798387.70,Salary Expense,WITHDRAWAL
2021-10-22,Respiratory Support,WIR4000302,246893.61,,229551494.09,Medical Supplies,WITHDRAWAL
2021-10-26,Diagnostic Services,CHK4000303,,507177.97,230058672.06,Patient Revenue,DEPOSIT
2021-10-28,Point of Care Testing,REF4000304,,327043.25,230385715.31,Lab Revenue,DEPOSIT
2021-10-29,Consultation Fee,ACH4000305,,476572.12,230862287.43,Patient Revenue,DEPOSIT
2021-10-31,Emergency Room Charges,WIR4000306,,418971.77,231281259.20,Patient Revenue,DEPOSIT
2021-11-03,Drug Administration Fee,WIR4000307,,713923.05,231995182.25,Patient Revenue,DEPOSIT
2021-11-06,Laboratory Test Kits,REF4000308,553782.13,,231441400.12,Medical Supplies,WITHDRAWAL
2021-11-09,Complete Blood Count Test,CHK4000309,,653689.88,232095090.00,Lab Revenue,DEPOSIT
2021-11-10,Reimbursement - Aetna Health,REF4000310,,2244873.80,234339963.80,Insurance Revenue,DEPOSIT
2021-11-18,Information Technology,WIR4000311,610728.46,,233729235.34,Salary Expense,WITHDRAWAL
2021-11-19,Vascular Access Equipment,ACH4000312,1078151.12,,232651084.22,Medical Supplies,WITHDRAWAL
2021-11-20,Physical Therapy Session,ACH4000313,,94780.07,232745864.29,Patient Revenue,DEPOSIT
2021-11-21,Advanced Ultrasound Machine,REF4000314,2667991.28,,230077873.01,Equipment,WITHDRAWAL
2021-11-22,Patient Balance Settlement,REF4000315,,146832.03,230224705.04,Patient Revenue,DEPOSIT
2021-11-23,Toxicology Screen,BAL4000316,,548853.53,230773558.57,Lab Revenue,DEPOSIT
2021-11-25,Comprehensive Metabolic Panel,INV4000317,,289519.67,231063078.24,Lab Revenue,DEPOSIT
2021-11-27,Drug Administration Fee,TXN4000318,,554420.49,231617498.73,Patient Revenue,DEPOSIT
2021-11-29,Environmental Services,CHK4000319,1449658.08,,230167840.65,Salary Expense,WITHDRAWAL
2021-12-03,Vaccination Administration,EFT4000320,,319368.15,230487208.80,Patient Revenue,DEPOSIT
2021-12-04,Operating Room Bill,TXN4000321,,116386.96,230603595.76,Patient Revenue,DEPOSIT
2021-12-05,Reimbursement - Humana Plus,TXN4000322,,465669.82,231069265.58,Insurance Revenue,DEPOSIT
2021-12-07,Medical Doctor Compensation,INV4000323,1100692.07,,229968573.51,Salary Expense,WITHDRAWAL
2021-12-08,Immunization Services,ACH4000324,,1106322.08,231074895.59,Pharmacy Revenue,DEPOSIT
2021-12-09,Tissue Sample Analysis,BAL4000325,,822753.18,231897648.77,Lab Revenue,DEPOSIT
2021-12-10,Reimbursement - Humana Plus,DEP4000326,,2121877.75,234019526.52,Insurance Revenue,DEPOSIT
2021-12-13,Drug Administration Fee,EFT4000327,,500017.44,234519543.96,Patient Revenue,DEPOSIT
2021-12-15,Physical Therapy Session,INV4000328,,38464.71,234558008.67,Patient Revenue,DEPOSIT
2021-12-16,State Medicaid Program,BAL4000329,,3253716.49,237811725.16,Insurance Revenue,DEPOSIT
2021-12-17,Physical Therapy Session,EFT4000330,,562955.10,238374680.26,Patient Revenue,DEPOSIT
2021-12-18,Emergency Room Charges,REF4000331,,689682.96,239064363.22,Patient Revenue,DEPOSIT
2021-12-20,Controlled Substance Dispensing,ACH4000332,,898451.51,239962814.73,Pharmacy Revenue,DEPOSIT
2021-12-22,Campus Security,EFT4000333,934852.86,,239027961.87,Salary Expense,WITHDRAWAL
2021-12-25,Patient Balance Settlement,REF4000334,,548373.10,239576334.97,Patient Revenue,DEPOSIT
2021-12-27,Specialty Drug Sales,CHK4000335,,735192.52,240311527.49,Pharmacy Revenue,DEPOSIT
2021-12-29,Drug Administration Fee,CHK4000336,,36193.93,240347721.42,Patient Revenue,DEPOSIT
2021-12-30,Clinical Fellow Stipend,TXN4000337,1373354.91,,238974366.51,Salary Expense,WITHDRAWAL
2022-01-01,Point of Care Testing,CHK4000338,,169959.82,239144326.33,Lab Revenue,DEPOSIT
2022-01-02,Vehicle Fleet Lease,DEP4000339,629343.32,,238514983.01,Rent Expense,WITHDRAWAL
2022-01-06,Campus Security,TXN4000340,710979.03,,237804003.98,Salary Expense,WITHDRAWAL
2022-01-13,Laboratory Test Kits,ACH4000341,1040826.99,,236763176.99,Medical Supplies,WITHDRAWAL
2022-01-18,Patient Balance Settlement,REF4000342,,676880.66,237440057.65,Patient Revenue,DEPOSIT
2022-01-20,Laboratory Test Kits,TXN4000343,588203.84,,236851853.81,Medical Supplies,WITHDRAWAL
2022-01-23,Urgent Care Visit,INV4000344,,164084.45,237015938.26,Patient Revenue,DEPOSIT
2022-01-26,Reimbursement - Blue Cross Blue Shield,EFT4000345,,291789.03,237307727.29,Insurance Revenue,DEPOSIT
2022-01-28,Environmental Services,BAL4000346,423509.09,,236884218.20,Salary Expense,WITHDRAWAL
2022-02-01,Reimbursement - Cigna PPO,DEP4000347,,922815.88,237807034.08,Insurance Revenue,DEPOSIT
2022-02-07,Medicare Part B Claim,ACH4000348,,1448928.38,239255962.46,Insurance Revenue,DEPOSIT
2022-02-08,Medical Doctor Compensation,TXN4000349,517613.53,,238738348.93,Salary Expense,WITHDRAWAL
2022-02-14,Patient Balance Settlement,CHK4000350,,102920.18,238841269.11,Patient Revenue,DEPOSIT
2022-02-15,Surgical Adhesives,CHK4000351,115030.12,,238726238.99,Medical Supplies,WITHDRAWAL
2022-02-16,Electrical Power Supply,REF4000352,362951.04,,238363287.95,Utilities,WITHDRAWAL
2022-02-19,Satellite Clinic Lease,DEP4000353,500513.85,,237862774.10,Rent Expense,WITHDRAWAL
2022-02-24,Administrative Personnel,EFT4000354,1162080.68,,236700693.42,Salary Expense,WITHDRAWAL
2022-02-26,State Medicaid Program,INV4000355,,218445.96,236919139.38,Insurance Revenue,DEPOSIT
2022-02-28,Reimbursement - United Healthcare,REF4000356,,855125.77,237774265.15,Insurance Revenue,DEPOSIT
2022-03-01,Tissue Sample Analysis,EFT4000357,,569847.48,238344112.63,Lab Revenue,DEPOSIT
2022-03-02,Medical Lab Technician,INV4000358,832373.59,,237511739.04,Salary Expense,WITHDRAWAL
2022-03-05,Physical Therapy Session,DEP4000359,,526098.89,238037837.93,Patient Revenue,DEPOSIT
2022-03-06,Urgent Care Visit,INV4000360,,694149.07,238731987.00,Patient Revenue,DEPOSIT
2022-03-08,Business Income Tax,TXN4000361,993312.58,,237738674.42,Tax Payment,WITHDRAWAL
2022-03-11,Reimbursement - United Healthcare,INV4000362,,2439395.31,240178069.73,Insurance Revenue,DEPOSIT
2022-03-12,Resuscitation Equipment,WIR4000363,2779877.32,,237398192.41,Equipment,WITHDRAWAL
2022-03-13,Medicare Part B Claim,EFT4000364,,3255640.13,240653832.54,Insurance Revenue,DEPOSIT
2022-03-14,Medicare Part B Claim,ACH4000365,,2932829.18,243586661.72,Insurance Revenue,DEPOSIT
2022-03-15,Vaccination Administration,DEP4000366,,269383.76,243856045.48,Patient Revenue,DEPOSIT
2022-03-16,Compliance Safety Audit,DEP4000367,494066.95,,243361978.53,Maintenance,WITHDRAWAL
2022-03-18,Business Income Tax,CHK4000368,507003.05,,242854975.48,Tax Payment,WITHDRAWAL
2022-03-21,Advanced Wound Care,CHK4000369,363391.07,,242491584.41,Medical Supplies,WITHDRAWAL
2022-03-22,MRI Scanner Module,CHK4000370,2208202.85,,240283381.56,Equipment,WITHDRAWAL
2022-03-24,Reimbursement - Blue Cross Blue Shield,INV4000371,,1153618.40,241436999.96,Insurance Revenue,DEPOSIT
2022-03-25,Complete Blood Count Test,DEP4000372,,796271.46,242233271.42,Lab Revenue,DEPOSIT
2022-03-27,Reimbursement - Aetna Health,WIR4000373,,1001224.50,243234495.92,Insurance Revenue,DEPOSIT
2022-03-31,Protection Plan,EFT4000374,17033.34,,243217462.58,Bank Fees,WITHDRAWAL
2022-04-03,Physical Therapy Session,REF4000375,,174053.28,243391515.86,Patient Revenue,DEPOSIT
2022-04-04,Behavioral Health Reimbursement,WIR4000376,,912422.90,244303938.76,Insurance Revenue,DEPOSIT
2022-04-06,Pharmaceutical Wholesale Markup,BAL4000377,,1238871.63,245542810.39,Pharmacy Revenue,DEPOSIT
2022-04-08,Reimbursement - Humana Plus,BAL4000378,,3525341.91,249068152.30,Insurance Revenue,DEPOSIT
2022-04-11,Culture and Sensitivity,REF4000379,,929050.71,249997203.01,Lab Revenue,DEPOSIT
2022-04-12,Diagnostic Services,DEP4000380,,271113.76,250268316.77,Patient Revenue,DEPOSIT
2022-04-14,Medicare Part B Claim,BAL4000381,,172396.12,250440712.89,Insurance Revenue,DEPOSIT
2022-04-16,Culture and Sensitivity,TXN4000382,,842596.45,251283309.34,Lab Revenue,DEPOSIT
2022-04-17,State Medicaid Program,ACH4000383,,821844.68,252105154.02,Insurance Revenue,DEPOSIT
2022-04-19,Patient Beds and Mattresses,TXN4000384,1143845.87,,250961308.15,Medical Supplies,WITHDRAWAL
2022-04-23,Environmental Services,ACH4000385,1116956.89,,249844351.26,Salary Expense,WITHDRAWAL
2022-04-30,Imaging Equipment Lease,REF4000386,1059321.85,,248785029.41,Rent Expense,WITHDRAWAL
2022-05-04,Reimbursement - Humana Plus,INV4000387,,834339.03,249619368.44,Insurance Revenue,DEPOSIT
2022-05-05,Consultation Fee,TXN4000388,,25130.12,249644498.56,Patient Revenue,DEPOSIT
2022-05-07,Medical Lab Technician,WIR4000389,431442.03,,249213056.53,Salary Expense,WITHDRAWAL
2022-05-11,Clinical Fellow Stipend,EFT4000390,637137.30,,248575919.23,Salary Expense,WITHDRAWAL
2022-05-12,Reimbursement - Aetna Health,EFT4000391,,569832.47,249145751.70,Insurance Revenue,DEPOSIT
2022-05-14,Clinical Fellow Stipend,EFT4000392,1040027.48,,248105724.22,Salary Expense,WITHDRAWAL
2022-05-15,Urgent Care Visit,EFT4000393,,55271.26,248160995.48,Patient Revenue,DEPOSIT
2022-05-16,Visiting Specialist Fees,TXN4000394,1181667.53,,246979327.95,Salary Expense,WITHDRAWAL
2022-05-18,Reimbursement - Anthem Select,BAL4000395,,1250728.07,248230056.02,Insurance Revenue,DEPOSIT
2022-05-20,Pathology Microscope,INV4000396,3472060.65,,244757995.37,Equipment,WITHDRAWAL
2022-05-22,Medical Doctor Compensation,REF4000397,1004924.56,,243753070.81,Salary Expense,WITHDRAWAL
2022-05-23,Diagnostic Services,TXN4000398,,252375.27,244005446.08,Patient Revenue,DEPOSIT
2022-05-28,Drug Administration Fee,WIR4000399,,126115.63,244131561.71,Patient Revenue,DEPOSIT
2022-05-31,Cloud Services Lease,BAL4000400,923275.31,,243208286.40,Rent Expense,WITHDRAWAL
2022-06-01,Campus Security,CHK4000401,1391587.16,,241816699.24,Salary Expense,WITHDRAWAL
2022-06-02,Environmental Services,REF4000402,505643.28,,241311055.96,Salary Expense,WITHDRAWAL
2022-06-03,Information Technology,BAL4000403,926680.54,,240384375.42,Salary Expense,WITHDRAWAL
2022-06-05,Campus Security,BAL4000404,865501.38,,239518874.04,Salary Expense,WITHDRAWAL
2022-06-11,Reimbursement - Anthem Select,EFT4000405,,989482.31,240508356.35,Insurance Revenue,DEPOSIT
2022-06-14,Administrative Personnel,WIR4000406,1081713.27,,239426643.08,Salary Expense,WITHDRAWAL
2022-06-15,Campus Security,ACH4000407,930306.08,,238496337.00,Salary Expense,WITHDRAWAL
2022-06-17,Campus Security,DEP4000408,468798.67,,238027538.33,Salary Expense,WITHDRAWAL
2022-06-20,Reimbursement - Aetna Health,TXN4000409,,465270.59,238492808.92,Insurance Revenue,DEPOSIT
2022-06-22,Communications Systems,EFT4000410,162328.64,,238330480.28,Utilities,WITHDRAWAL
2022-06-27,Nursing Staff Payroll,INV4000411,951212.65,,237379267.63,Salary Expense,WITHDRAWAL
2022-06-29,Operating Room Bill,REF4000412,,201732.95,237581000.58,Patient Revenue,DEPOSIT
2022-07-01,Surgical Instrument Packs,CHK4000413,352021.13,,237228979.45,Medical Supplies,WITHDRAWAL
2022-07-02,Surgical Adhesives,INV4000414,884951.24,,236344028.21,Medical Supplies,WITHDRAWAL
2022-07-04,Medical Lab Technician,REF4000415,875854.51,,235468173.70,Salary Expense,WITHDRAWAL
2022-07-05,Administrative Personnel,INV4000416,1548132.84,,233920040.86,Salary Expense,WITHDRAWAL
2022-07-07,Immunization Services,EFT4000417,,185195.16,234105236.02,Pharmacy Revenue,DEPOSIT
2022-07-08,Diagnostic Services,INV4000418,,286765.99,234392002.01,Patient Revenue,DEPOSIT
2022-07-10,Diagnostic Services,BAL4000419,,461224.14,234853226.15,Patient Revenue,DEPOSIT
2022-07-12,Dental Plan Reimbursement,EFT4000420,,1019997.52,235873223.67,Insurance Revenue,DEPOSIT
2022-07-13,Reimbursement - Anthem Select,INV4000421,,206241.99,236079465.66,Insurance Revenue,DEPOSIT
2022-07-15,Campus Security,CHK4000422,680823.31,,235398642.35,Salary Expense,WITHDRAWAL
2022-07-16,Respiratory Support,WIR4000423,557596.99,,234841045.36,Medical Supplies,WITHDRAWAL
2022-07-17,Reimbursement - Anthem Select,ACH4000424,,660625.01,235501670.37,Insurance Revenue,DEPOSIT
2022-07-18,Business Income Tax,EFT4000425,908097.49,,234593572.88,Tax Payment,WITHDRAWAL
2022-07-22,Visiting Specialist Fees,CHK4000426,547425.75,,234046147.13,Salary Expense,WITHDRAWAL
2022-07-24,Medical Lab Technician,CHK4000427,1295088.27,,232751058.86,Salary Expense,WITHDRAWAL
2022-07-25,Network and Internet,DEP4000428,545014.24,,232206044.62,Utilities,WITHDRAWAL
2022-07-26,Equipment Purchase Fund,REF4000429,,89908.76,232295953.38,Transfer,TRANSFER
2022-07-27,Imaging Equipment Lease,CHK4000430,417983.47,,231877969.91,Rent Expense,WITHDRAWAL
2022-07-29,Fire Safety System,WIR4000431,726644.01,,231151325.90,Maintenance,WITHDRAWAL
2022-07-30,Medical Doctor Compensation,CHK4000432,717093.57,,230434232.33,Salary Expense,WITHDRAWAL
2022-07-31,Surgical Adhesives,TXN4000433,926261.94,,229507970.39,Medical Supplies,WITHDRAWAL
2022-08-01,Over-the-Counter Sales,ACH4000434,,314821.61,229822792.00,Pharmacy Revenue,DEPOSIT
2022-08-02,Operating Room Bill,REF4000435,,657832.35,230480624.35,Patient Revenue,DEPOSIT
2022-08-05,Reimbursement - Blue Cross Blue Shield,INV4000436,,242587.73,230723212.08,Insurance Revenue,DEPOSIT
2022-08-09,Clinical Fellow Stipend,EFT4000437,1081051.72,,229642160.36,Salary Expense,WITHDRAWAL
2022-08-11,Reimbursement - United Healthcare,TXN4000438,,1725413.34,231367573.70,Insurance Revenue,DEPOSIT
2022-08-13,Operating Room Bill,WIR4000439,,465130.17,231832703.87,Patient Revenue,DEPOSIT
2022-08-15,Urgent Care Visit,EFT4000440,,138684.97,231971388.84,Patient Revenue,DEPOSIT
2022-08-19,Nursing Staff Payroll,ACH4000441,568945.66,,231402443.18,Salary Expense,WITHDRAWAL
2022-08-20,Reimbursement - Anthem Select,CHK4000442,,1093291.22,232495734.40,Insurance Revenue,DEPOSIT
2022-08-21,Environmental Services,BAL4000443,1383749.96,,231111984.44,Salary Expense,WITHDRAWAL
2022-08-25,Nursing Staff Payroll,EFT4000444,1192568.01,,229919416.43,Salary Expense,WITHDRAWAL
2022-08-27,Clinical Fellow Stipend,DEP4000445,433005.33,,229486411.10,Salary Expense,WITHDRAWAL
2022-08-28,Preventive Equipment Service,ACH4000446,392913.43,,229093497.67,Maintenance,WITHDRAWAL
2022-08-31,Surgical Adhesives,BAL4000447,354997.57,,228738500.10,Medical Supplies,WITHDRAWAL
2022-09-02,Operating Room Bill,BAL4000448,,34330.84,228772830.94,Patient Revenue,DEPOSIT
2022-09-03,Professional Cleaning Service,ACH4000449,572561.55,,228200269.39,Maintenance,WITHDRAWAL
2022-09-04,Campus Security,BAL4000450,665513.15,,227534756.24,Salary Expense,WITHDRAWAL
2022-09-06,Reimbursement - Humana Plus,WIR4000451,,793222.97,228327979.21,Insurance Revenue,DEPOSIT
2022-09-07,Injectable Medication Sales,INV4000452,,342689.73,228670668.94,Pharmacy Revenue,DEPOSIT
2022-09-08,Medical Doctor Compensation,ACH4000453,851365.81,,227819303.13,Salary Expense,WITHDRAWAL
2022-09-10,Resuscitation Equipment,BAL4000454,1924662.40,,225894640.73,Equipment,WITHDRAWAL
2022-09-13,Behavioral Health Reimbursement,INV4000455,,2540211.60,228434852.33,Insurance Revenue,DEPOSIT
2022-09-21,Over-the-Counter Sales,BAL4000456,,309392.81,228744245.14,Pharmacy Revenue,DEPOSIT
2022-09-22,Reimbursement - Cigna PPO,CHK4000457,,3460858.93,232205104.07,Insurance Revenue,DEPOSIT
2022-09-23,Professional License Tax,WIR4000458,1226254.92,,230978849.15,Tax Payment,WITHDRAWAL
2022-09-26,Medicare Part B Claim,DEP4000459,,3530435.54,234509284.69,Insurance Revenue,DEPOSIT
2022-09-27,Medical Doctor Compensation,TXN4000460,708962.71,,233800321.98,Salary Expense,WITHDRAWAL
2022-09-30,Consultation Fee,EFT4000461,,553610.88,234353932.86,Patient Revenue,DEPOSIT
2022-10-02,Information Technology,ACH4000462,1077472.02,,233276460.84,Salary Expense,WITHDRAWAL
2022-10-03,Surgical Adhesives,CHK4000463,165014.76,,233111446.08,Medical Supplies,WITHDRAWAL
2022-10-08,Operating Room Bill,BAL4000464,,689362.73,233800808.81,Patient Revenue,DEPOSIT
2022-10-11,Mechanical Ventilator,CHK4000465,3245046.99,,230555761.82,Equipment,WITHDRAWAL
2022-10-16,Primary Facility Lease,INV4000466,1161101.82,,229394660.00,Rent Expense,WITHDRAWAL
2022-10-17,Reimbursement - United Healthcare,EFT4000467,,1479285.34,230873945.34,Insurance Revenue,DEPOSIT
2022-10-19,Reimbursement - Blue Cross Blue Shield,DEP4000468,,1297680.37,232171625.71,Insurance Revenue,DEPOSIT
2022-10-20,Advanced Genomic Testing,REF4000469,,657394.85,232829020.56,Lab Revenue,DEPOSIT
2022-10-21,Reimbursement - Aetna Health,ACH4000470,,2511176.25,235340196.81,Insurance Revenue,DEPOSIT
2022-10-22,Controlled Substance Dispensing,BAL4000471,,822774.83,236162971.64,Pharmacy Revenue,DEPOSIT
2022-10-26,Operating Room Bill,CHK4000472,,364313.67,236527285.31,Patient Revenue,DEPOSIT
2022-10-27,Allergy Testing Panel,BAL4000473,,339288.05,236866573.36,Lab Revenue,DEPOSIT
2022-10-28,Vehicle Fleet Lease,WIR4000474,493068.95,,236373504.41,Rent Expense,WITHDRAWAL
2022-10-29,Information Technology,BAL4000475,636052.69,,235737451.72,Salary Expense,WITHDRAWAL
2022-11-01,Environmental Services,BAL4000476,458495.44,,235278956.28,Salary Expense,WITHDRAWAL
2022-11-03,State Medicaid Program,CHK4000477,,3511977.96,238790934.24,Insurance Revenue,DEPOSIT
2022-11-07,Administrative Personnel,BAL4000478,1259914.53,,237531019.71,Salary Expense,WITHDRAWAL
2022-11-09,Consultation Fee,BAL4000479,,688885.30,238219905.01,Patient Revenue,DEPOSIT
2022-11-11,Laboratory Test Kits,BAL4000480,619473.52,,237600431.49,Medical Supplies,WITHDRAWAL
2022-11-13,Heating and Cooling,CHK4000481,336771.58,,237263659.91,Utilities,WITHDRAWAL
2022-11-14,Sales and Use Tax,BAL4000482,401220.49,,236862439.42,Tax Payment,WITHDRAWAL
2022-11-20,Behavioral Health Reimbursement,BAL4000483,,1717946.55,238580385.97,Insurance Revenue,DEPOSIT
2022-11-23,Patient Beds and Mattresses,ACH4000484,241766.40,,238338619.57,Medical Supplies,WITHDRAWAL
2022-11-27,Plumbing System Service,REF4000485,685759.91,,237652859.66,Maintenance,WITHDRAWAL
2022-11-28,Environmental Services,CHK4000486,1008083.53,,236644776.13,Salary Expense,WITHDRAWAL
2022-12-01,Reimbursement - Aetna Health,BAL4000487,,2847495.54,239492271.67,Insurance Revenue,DEPOSIT
2022-12-03,Administrative Personnel,WIR4000488,612961.18,,238879310.49,Salary Expense,WITHDRAWAL
2022-12-05,Dental Plan Reimbursement,BAL4000489,,2901993.42,241781303.91,Insurance Revenue,DEPOSIT
2022-12-08,Nursing Staff Payroll,REF4000490,642494.68,,241138809.23,Salary Expense,WITHDRAWAL
2022-12-09,Vaccination Administration,BAL4000491,,463293.41,241602102.64,Patient Revenue,DEPOSIT
2022-12-13,Pharmaceutical Wholesale Markup,INV4000492,,1181806.57,242783909.21,Pharmacy Revenue,DEPOSIT
2022-12-16,Environmental Services,TXN4000493,1212837.85,,241571071.36,Salary Expense,WITHDRAWAL
2022-12-17,Culture and Sensitivity,TXN4000494,,664217.97,242235289.33,Lab Revenue,DEPOSIT
2022-12-18,Environmental Services,DEP4000495,803466.36,,241431822.97,Salary Expense,WITHDRAWAL
2022-12-19,Lift System Maintenance,ACH4000496,212051.43,,241219771.54,Maintenance,WITHDRAWAL
2022-12-20,Reimbursement - United Healthcare,DEP4000497,,794694.51,242014466.05,Insurance Revenue,DEPOSIT
2022-12-24,Vaccination Administration,ACH4000498,,615792.10,242630258.15,Patient Revenue,DEPOSIT
2022-12-25,Surgical Adhesives,INV4000499,709905.70,,241920352.45,Medical Supplies,WITHDRAWAL
2022-12-29,Imaging Center Payment,WIR4000500,,149240.02,242069592.47,Patient Revenue,DEPOSIT
2022-12-30,Drape and Covering Supplies,BAL4000501,705841.50,,241363750.97,Medical Supplies,WITHDRAWAL
2023-01-01,Billing and Coding Staff,DEP4000502,603299.20,,240760451.77,Salary Expense,WITHDRAWAL
2023-01-02,Physical Therapy Session,EFT4000503,,153582.24,240914034.01,Patient Revenue,DEPOSIT
2023-01-04,Visiting Specialist Fees,CHK4000504,490794.71,,240423239.30,Salary Expense,WITHDRAWAL
2023-01-06,Health Records System License,ACH4000505,324796.53,,240098442.77,Software Expense,WITHDRAWAL
2023-01-07,Medicare Part B Claim,DEP4000506,,2667359.48,242765802.25,Insurance Revenue,DEPOSIT
2023-01-09,Medical Doctor Compensation,BAL4000507,1459474.59,,241306327.66,Salary Expense,WITHDRAWAL
2023-01-13,Patient Balance Settlement,DEP4000508,,233316.82,241539644.48,Patient Revenue,DEPOSIT
2023-01-19,Regulatory Filing Fee,ACH4000509,235187.47,,241304457.01,Tax Payment,WITHDRAWAL
2023-01-20,Allergy Testing Panel,WIR4000510,,284708.65,241589165.66,Lab Revenue,DEPOSIT
2023-01-22,Reimbursement - Humana Plus,DEP4000511,,959034.61,242548200.27,Insurance Revenue,DEPOSIT
2023-01-23,Imaging Center Payment,CHK4000512,,230336.18,242778536.45,Patient Revenue,DEPOSIT
2023-01-24,Medication Compounding,CHK4000513,,950252.18,243728788.63,Pharmacy Revenue,DEPOSIT
2023-01-29,Vascular Access Equipment,DEP4000514,1042074.44,,242686714.19,Medical Supplies,WITHDRAWAL
2023-01-30,Visiting Specialist Fees,BAL4000515,575568.41,,242111145.78,Salary Expense,WITHDRAWAL
2023-01-31,Foundation and Structure,WIR4000516,756646.17,,241354499.61,Maintenance,WITHDRAWAL
2023-02-02,Lift System Maintenance,ACH4000517,164892.07,,241189607.54,Maintenance,WITHDRAWAL
2023-02-04,Reimbursement - United Healthcare,INV4000518,,2622688.40,243812295.94,Insurance Revenue,DEPOSIT
2023-02-05,Reimbursement - Humana Plus,EFT4000519,,3121945.33,246934241.27,Insurance Revenue,DEPOSIT
2023-02-07,Vehicle Fleet Lease,WIR4000520,598087.11,,246336154.16,Rent Expense,WITHDRAWAL
2023-02-09,Point of Care Testing,WIR4000521,,476955.15,246813109.31,Lab Revenue,DEPOSIT
2023-02-15,Telehealth Infrastructure,CHK4000522,846898.50,,245966210.81,Rent Expense,WITHDRAWAL
2023-02-18,Complete Blood Count Test,BAL4000523,,583590.29,246549801.10,Lab Revenue,DEPOSIT
2023-02-19,Respiratory Support,BAL4000524,593868.93,,245955932.17,Medical Supplies,WITHDRAWAL
2023-02-21,Reimbursement - Anthem Select,WIR4000525,,1003884.98,246959817.15,Insurance Revenue,DEPOSIT
2023-02-22,Imaging Center Payment,TXN4000526,,58685.26,247018502.41,Patient Revenue,DEPOSIT
2023-02-25,Campus Security,CHK4000527,1407093.66,,245611408.75,Salary Expense,WITHDRAWAL
2023-02-26,Advanced Wound Care,ACH4000528,358429.71,,245252979.04,Medical Supplies,WITHDRAWAL
2023-02-28,High-Resolution X-Ray,WIR4000529,944315.76,,244308663.28,Equipment,WITHDRAWAL
2023-03-01,Physical Therapy Session,EFT4000530,,600001.36,244908664.64,Patient Revenue,DEPOSIT
2023-03-05,Consultation Fee,BAL4000531,,12983.27,244921647.91,Patient Revenue,DEPOSIT
2023-03-06,Injectable Medication Sales,WIR4000532,,1328391.04,246250038.95,Pharmacy Revenue,DEPOSIT
2023-03-07,Primary Facility Lease,ACH4000533,433050.01,,245816988.94,Rent Expense,WITHDRAWAL
2023-03-08,Hypodermic Needles and Syringes,INV4000534,469108.29,,245347880.65,Medical Supplies,WITHDRAWAL
2023-03-09,Diagnostic Services,ACH4000535,,494430.36,245842311.01,Patient Revenue,DEPOSIT
2023-03-13,Reimbursement - Blue Cross Blue Shield,CHK4000536,,2893652.90,248735963.91,Insurance Revenue,DEPOSIT
2023-03-14,Tissue Sample Analysis,BAL4000537,,903211.96,249639175.87,Lab Revenue,DEPOSIT
2023-03-15,Advanced Wound Care,WIR4000538,138677.12,,249500498.75,Medical Supplies,WITHDRAWAL
2023-03-19,Consultation Fee,INV4000539,,639657.96,250140156.71,Patient Revenue,DEPOSIT
2023-03-22,Visiting Specialist Fees,CHK4000540,804620.05,,249335536.66,Salary Expense,WITHDRAWAL
2023-03-25,Reimbursement - Blue Cross Blue Shield,ACH4000541,,2620237.19,251955773.85,Insurance Revenue,DEPOSIT
2023-04-01,Campus Security,REF4000542,1378784.90,,250576988.95,Salary Expense,WITHDRAWAL
2023-04-02,Behavioral Health Reimbursement,REF4000543,,437604.81,251014593.76,Insurance Revenue,DEPOSIT
2023-04-03,Medical Lab Technician,REF4000544,1314808.97,,249699784.79,Salary Expense,WITHDRAWAL
2023-04-04,Patient Communication,DEP4000545,373119.05,,249326665.74,Software Expense,WITHDRAWAL
2023-04-05,Consultation Fee,ACH4000546,,54086.21,249380751.95,Patient Revenue,DEPOSIT
2023-04-09,Environmental Services,DEP4000547,848076.37,,248532675.58,Salary Expense,WITHDRAWAL
2023-04-12,Pest Control Treatment,INV4000548,712255.13,,247820420.45,Maintenance,WITHDRAWAL
2023-04-17,Reimbursement - United Healthcare,REF4000549,,2658012.70,250478433.15,Insurance Revenue,DEPOSIT
2023-04-19,Surgical Adhesives,REF4000550,641981.66,,249836451.49,Medical Supplies,WITHDRAWAL
2023-04-22,Bedside Monitor System,REF4000551,2322376.15,,247514075.34,Equipment,WITHDRAWAL
2023-04-24,Complete Blood Count Test,TXN4000552,,810440.70,248324516.04,Lab Revenue,DEPOSIT
2023-04-25,Nursing Staff Payroll,WIR4000553,836587.33,,247487928.71,Salary Expense,WITHDRAWAL
2023-04-28,Tissue Sample Analysis,INV4000554,,236484.19,247724412.90,Lab Revenue,DEPOSIT
2023-05-02,Medical Lab Technician,ACH4000555,774476.06,,246949936.84,Salary Expense,WITHDRAWAL
2023-05-03,Toxicology Screen,TXN4000556,,682291.29,247632228.13,Lab Revenue,DEPOSIT
2023-05-06,Surgical Adhesives,DEP4000557,623851.77,,247008376.36,Medical Supplies,WITHDRAWAL
2023-05-11,Environmental Services,REF4000558,652068.12,,246356308.24,Salary Expense,WITHDRAWAL
2023-05-12,Dental Plan Reimbursement,ACH4000559,,3549625.16,249905933.40,Insurance Revenue,DEPOSIT
2023-05-15,Point of Care Testing,DEP4000560,,878945.26,250784878.66,Lab Revenue,DEPOSIT
2023-05-16,Behavioral Health Reimbursement,BAL4000561,,2969934.46,253754813.12,Insurance Revenue,DEPOSIT
2023-05-17,Protective Gear and Clothing,WIR4000562,253766.29,,253501046.83,Medical Supplies,WITHDRAWAL
2023-05-22,Dental Plan Reimbursement,ACH4000563,,916704.42,254417751.25,Insurance Revenue,DEPOSIT
2023-05-23,Emergency Room Charges,TXN4000564,,486129.10,254903880.35,Patient Revenue,DEPOSIT
2023-05-24,Consultation Fee,BAL4000565,,353090.94,255256971.29,Patient Revenue,DEPOSIT
2023-05-25,Surgical Instrument Packs,BAL4000566,237711.01,,255019260.28,Medical Supplies,WITHDRAWAL
2023-05-28,Electrical Power Supply,EFT4000567,297522.59,,254721737.69,Utilities,WITHDRAWAL
2023-05-29,Advanced Ultrasound Machine,BAL4000568,2901467.24,,251820270.45,Equipment,WITHDRAWAL
2023-05-30,Archive Storage Rental,TXN4000569,938276.05,,250881994.40,Rent Expense,WITHDRAWAL
2023-05-31,Diagnostic Services,EFT4000570,,401998.40,251283992.80,Patient Revenue,DEPOSIT
2023-06-02,Telehealth Infrastructure,DEP4000571,633768.97,,250650223.83,Rent Expense,WITHDRAWAL
2023-06-03,IV Therapy Administration,TXN4000572,,481798.31,251132022.14,Pharmacy Revenue,DEPOSIT
2023-06-07,Imaging Center Payment,INV4000573,,198982.75,251331004.89,Patient Revenue,DEPOSIT
2023-06-08,Reimbursement - Cigna PPO,CHK4000574,,3162524.66,254493529.55,Insurance Revenue,DEPOSIT
2023-06-10,Emergency Room Charges,ACH4000575,,261319.65,254754849.20,Patient Revenue,DEPOSIT
2023-06-11,Medical Lab Technician,BAL4000576,652503.26,,254102345.94,Salary Expense,WITHDRAWAL
2023-06-14,Visiting Specialist Fees,EFT4000577,528584.44,,253573761.50,Salary Expense,WITHDRAWAL
2023-06-16,Reimbursement - United Healthcare,DEP4000578,,439749.40,254013510.90,Insurance Revenue,DEPOSIT
2023-06-19,Administrative Personnel,CHK4000579,1213120.24,,252800390.66,Salary Expense,WITHDRAWAL
2023-06-22,Information Technology,WIR4000580,675102.14,,252125288.52,Salary Expense,WITHDRAWAL
2023-06-24,Campus Security,CHK4000581,1138030.08,,250987258.44,Salary Expense,WITHDRAWAL
2023-06-25,Vascular Access Equipment,EFT4000582,134858.27,,250852400.17,Medical Supplies,WITHDRAWAL
2023-06-27,Reimbursement - Aetna Health,WIR4000583,,3156781.06,254009181.23,Insurance Revenue,DEPOSIT
2023-06-28,Billing and Coding Staff,EFT4000584,684333.49,,253324847.74,Salary Expense,WITHDRAWAL
2023-06-30,Drape and Covering Supplies,TXN4000585,626960.77,,252697886.97,Medical Supplies,WITHDRAWAL
2023-07-05,Patient Balance Settlement,WIR4000586,,644955.07,253342842.04,Patient Revenue,DEPOSIT
2023-07-06,Laboratory Test Kits,EFT4000587,597872.94,,252744969.10,Medical Supplies,WITHDRAWAL
2023-07-09,Emergency Room Charges,DEP4000588,,361334.70,253106303.80,Patient Revenue,DEPOSIT
2023-07-11,Reimbursement - Cigna PPO,INV4000589,,3261855.52,256368159.32,Insurance Revenue,DEPOSIT
2023-07-12,Vaccination Administration,DEP4000590,,481871.42,256850030.74,Patient Revenue,DEPOSIT
2023-07-14,Reimbursement - Cigna PPO,TXN4000591,,999040.03,257849070.77,Insurance Revenue,DEPOSIT
2023-07-15,Behavioral Health Reimbursement,CHK4000592,,1125202.59,258974273.36,Insurance Revenue,DEPOSIT
2023-07-18,Campus Security,BAL4000593,843724.85,,258130548.51,Salary Expense,WITHDRAWAL
2023-07-19,Network and Internet,CHK4000594,211257.51,,257919291.00,Utilities,WITHDRAWAL
2023-07-21,Reimbursement - United Healthcare,BAL4000595,,2249299.30,260168590.30,Insurance Revenue,DEPOSIT
2023-07-23,Information Technology,REF4000596,1464250.16,,258704340.14,Salary Expense,WITHDRAWAL
2023-07-26,Visiting Specialist Fees,REF4000597,905203.13,,257799137.01,Salary Expense,WITHDRAWAL
2023-07-29,Operating Room Bill,BAL4000598,,91910.04,257891047.05,Patient Revenue,DEPOSIT
2023-07-30,Reimbursement - Aetna Health,WIR4000599,,2342398.78,260233445.83,Insurance Revenue,DEPOSIT
2023-07-31,Information Technology,INV4000600,525780.58,,259707665.25,Salary Expense,WITHDRAWAL
2023-08-03,Allergy Testing Panel,INV4000601,,964495.34,260672160.59,Lab Revenue,DEPOSIT
2023-08-05,Vehicle Fleet Lease,ACH4000602,1115111.71,,259557048.88,Rent Expense,WITHDRAWAL
2023-08-07,Professional Cleaning Service,DEP4000603,618383.93,,258938664.95,Maintenance,WITHDRAWAL
2023-08-08,Medicare Part B Claim,REF4000604,,1010200.54,259948865.49,Insurance Revenue,DEPOSIT
2023-08-10,Environmental Services,EFT4000605,844272.88,,259104592.61,Salary Expense,WITHDRAWAL
2023-08-16,Specialty Drug Sales,ACH4000606,,1058430.75,260163023.36,Pharmacy Revenue,DEPOSIT
2023-08-17,Reimbursement - Cigna PPO,INV4000607,,3148637.17,263311660.53,Insurance Revenue,DEPOSIT
2023-08-18,Bedside Monitor System,BAL4000608,3742827.51,,259568833.02,Equipment,WITHDRAWAL
2023-08-19,Environmental Services,BAL4000609,1070584.47,,258498248.55,Salary Expense,WITHDRAWAL
2023-08-21,State Medicaid Program,ACH4000610,,811668.64,259309917.19,Insurance Revenue,DEPOSIT
2023-08-30,Patient Balance Settlement,ACH4000611,,463231.37,259773148.56,Patient Revenue,DEPOSIT
2023-09-01,Injectable Medication Sales,INV4000612,,1427274.75,261200423.31,Pharmacy Revenue,DEPOSIT
2023-09-04,Surgical Equipment Rental,BAL4000613,438878.82,,260761544.49,Rent Expense,WITHDRAWAL
2023-09-05,Patient Communication,REF4000614,110548.52,,260650995.97,Software Expense,WITHDRAWAL
2023-09-06,Over-the-Counter Sales,INV4000615,,482017.91,261133013.88,Pharmacy Revenue,DEPOSIT
2023-09-07,Protective Gear and Clothing,ACH4000616,710443.69,,260422570.19,Medical Supplies,WITHDRAWAL
2023-09-08,State Medicaid Program,WIR4000617,,704316.11,261126886.30,Insurance Revenue,DEPOSIT
2023-09-13,Reimbursement - Cigna PPO,WIR4000618,,2247443.94,263374330.24,Insurance Revenue,DEPOSIT
2023-09-15,Network and Internet,CHK4000619,372107.01,,263002223.23,Utilities,WITHDRAWAL
2023-09-24,Behavioral Health Reimbursement,EFT4000620,,2252844.62,265255067.85,Insurance Revenue,DEPOSIT
2023-09-25,Protective Gear and Clothing,BAL4000621,620470.77,,264634597.08,Medical Supplies,WITHDRAWAL
2023-09-27,Medical Oxygen Supply,BAL4000622,522702.40,,264111894.68,Utilities,WITHDRAWAL
2023-09-29,Visiting Specialist Fees,INV4000623,427826.69,,263684067.99,Salary Expense,WITHDRAWAL
2023-09-30,Patient Balance Settlement,WIR4000624,,302590.15,263986658.14,Patient Revenue,DEPOSIT
2023-10-01,Information Technology,EFT4000625,1162581.62,,262824076.52,Salary Expense,WITHDRAWAL
2023-10-02,Environmental Services,WIR4000626,738889.45,,262085187.07,Salary Expense,WITHDRAWAL
2023-10-03,State Medicaid Program,INV4000627,,3298937.29,265384124.36,Insurance Revenue,DEPOSIT
2023-10-04,Consultation Fee,TXN4000628,,264285.27,265648409.63,Patient Revenue,DEPOSIT
2023-10-05,Medical Doctor Compensation,REF4000629,723388.01,,264925021.62,Salary Expense,WITHDRAWAL
2023-10-06,Imaging Center Payment,CHK4000630,,524190.27,265449211.89,Patient Revenue,DEPOSIT
2023-10-08,Specialty Drug Sales,BAL4000631,,185579.58,265634791.47,Pharmacy Revenue,DEPOSIT
2023-10-10,Reimbursement - Cigna PPO,REF4000632,,1775723.24,267410514.71,Insurance Revenue,DEPOSIT
2023-10-15,Reimbursement - Cigna PPO,REF4000633,,2327489.22,269738003.93,Insurance Revenue,DEPOSIT
2023-10-16,Hypodermic Needles and Syringes,ACH4000634,187436.45,,269550567.48,Medical Supplies,WITHDRAWAL
2023-10-19,Environmental Services,REF4000635,1272566.60,,268278000.88,Salary Expense,WITHDRAWAL
2023-10-20,Drape and Covering Supplies,ACH4000636,125724.56,,268152276.32,Medical Supplies,WITHDRAWAL
2023-10-23,Consultation Fee,REF4000637,,681866.80,268834143.12,Patient Revenue,DEPOSIT
2023-10-25,Compliance Safety Audit,TXN4000638,315218.80,,268518924.32,Maintenance,WITHDRAWAL
2023-10-26,Operating Room Bill,TXN4000639,,532489.11,269051413.43,Patient Revenue,DEPOSIT
2023-10-29,Dental Plan Reimbursement,EFT4000640,,3292783.46,272344196.89,Insurance Revenue,DEPOSIT
2023-10-30,Visiting Specialist Fees,INV4000641,1074472.49,,271269724.40,Salary Expense,WITHDRAWAL
2023-11-03,Business Income Tax,REF4000642,1526717.09,,269743007.31,Tax Payment,WITHDRAWAL
2023-11-05,Advanced Wound Care,CHK4000643,746199.64,,268996807.67,Medical Supplies,WITHDRAWAL
2023-11-07,Electrical Power Supply,CHK4000644,369419.48,,268627388.19,Utilities,WITHDRAWAL
2023-11-14,Environmental Services,BAL4000645,1480542.72,,267146845.47,Salary Expense,WITHDRAWAL
2023-11-19,Air Handling System Repair,ACH4000646,323079.27,,266823766.20,Maintenance,WITHDRAWAL
2023-11-20,Information Technology,CHK4000647,1486874.91,,265336891.29,Salary Expense,WITHDRAWAL
2023-11-22,Administrative Personnel,ACH4000648,1151614.26,,264185277.03,Salary Expense,WITHDRAWAL
2023-11-24,Reimbursement - Blue Cross Blue Shield,EFT4000649,,2483064.28,266668341.31,Insurance Revenue,DEPOSIT
2023-11-27,IV Therapy Administration,TXN4000650,,241174.33,266909515.64,Pharmacy Revenue,DEPOSIT
2023-11-28,Patient Beds and Mattresses,INV4000651,1076623.24,,265832892.40,Medical Supplies,WITHDRAWAL
2023-12-05,Medical Doctor Compensation,WIR4000652,458985.96,,265373906.44,Salary Expense,WITHDRAWAL
2023-12-06,Patient Balance Settlement,ACH4000653,,171599.40,265545505.84,Patient Revenue,DEPOSIT
2023-12-10,Physical Therapy Session,WIR4000654,,217766.30,265763272.14,Patient Revenue,DEPOSIT
2023-12-12,Clinical Fellow Stipend,DEP4000655,1393813.59,,264369458.55,Salary Expense,WITHDRAWAL
2023-12-13,Nursing Staff Payroll,WIR4000656,1036717.45,,263332741.10,Salary Expense,WITHDRAWAL
2023-12-14,Reimbursement - Cigna PPO,CHK4000657,,2319974.04,265652715.14,Insurance Revenue,DEPOSIT
2023-12-20,Medicare Part B Claim,EFT4000658,,542161.61,266194876.75,Insurance Revenue,DEPOSIT
2023-12-23,Vascular Access Equipment,EFT4000659,210661.21,,265984215.54,Medical Supplies,WITHDRAWAL
2023-12-25,Laboratory Test Kits,DEP4000660,813195.22,,265171020.32,Medical Supplies,WITHDRAWAL
2023-12-29,Administrative Personnel,REF4000661,694852.84,,264476167.48,Salary Expense,WITHDRAWAL
2023-12-31,Pathology Microscope,BAL4000662,1827453.89,,262648713.59,Equipment,WITHDRAWAL
2024-01-03,Hypodermic Needles and Syringes,DEP4000663,1093031.58,,261555682.01,Medical Supplies,WITHDRAWAL
2024-01-04,Reimbursement - United Healthcare,CHK4000664,,2839850.16,264395532.17,Insurance Revenue,DEPOSIT
2024-01-06,Consultation Fee,WIR4000665,,380796.04,264776328.21,Patient Revenue,DEPOSIT
2024-01-07,Drug Administration Fee,WIR4000666,,556162.17,265332490.38,Patient Revenue,DEPOSIT
2024-01-08,Reimbursement - Aetna Health,INV4000667,,923787.32,266256277.70,Insurance Revenue,DEPOSIT
2024-01-09,Reimbursement - Aetna Health,BAL4000668,,1917343.75,268173621.45,Insurance Revenue,DEPOSIT
2024-01-10,Vaccination Administration,ACH4000669,,495285.39,268668906.84,Patient Revenue,DEPOSIT
2024-01-12,Reimbursement - Anthem Select,ACH4000670,,2405464.61,271074371.45,Insurance Revenue,DEPOSIT
2024-01-13,Vaccination Administration,WIR4000671,,261964.20,271336335.65,Patient Revenue,DEPOSIT
2024-01-16,Microsoft Enterprise,BAL4000672,82818.67,,271253516.98,Software Expense,WITHDRAWAL
2024-01-20,Heating and Cooling,CHK4000673,184069.32,,271069447.66,Utilities,WITHDRAWAL
2024-01-21,IV Therapy Administration,DEP4000674,,1187451.69,272256899.35,Pharmacy Revenue,DEPOSIT
2024-01-23,Equipment Purchase Fund,INV4000675,,13418.32,272270317.67,Transfer,TRANSFER
2024-01-25,Protective Gear and Clothing,BAL4000676,92427.14,,272177890.53,Medical Supplies,WITHDRAWAL
2024-01-26,Administrative Personnel,WIR4000677,1365440.41,,270812450.12,Salary Expense,WITHDRAWAL
2024-01-27,Respiratory Support,INV4000678,219374.85,,270593075.27,Medical Supplies,WITHDRAWAL
2024-01-30,Allergy Testing Panel,INV4000679,,892014.84,271485090.11,Lab Revenue,DEPOSIT
2024-01-31,Plumbing System Service,ACH4000680,396936.50,,271088153.61,Maintenance,WITHDRAWAL
2024-02-02,Drug Administration Fee,BAL4000681,,171158.56,271259312.17,Patient Revenue,DEPOSIT
2024-02-05,Administrative Personnel,EFT4000682,1239386.18,,270019925.99,Salary Expense,WITHDRAWAL
2024-02-09,Vaccination Administration,ACH4000683,,413242.42,270433168.41,Patient Revenue,DEPOSIT
2024-02-13,Imaging Center Payment,WIR4000684,,695065.62,271128234.03,Patient Revenue,DEPOSIT
2024-02-14,Visiting Specialist Fees,WIR4000685,1371455.77,,269756778.26,Salary Expense,WITHDRAWAL
2024-02-17,Imaging Center Payment,EFT4000686,,62633.91,269819412.17,Patient Revenue,DEPOSIT
2024-02-18,Reimbursement - Blue Cross Blue Shield,WIR4000687,,1732846.79,271552258.96,Insurance Revenue,DEPOSIT
2024-02-21,Visiting Specialist Fees,INV4000688,1102763.96,,270449495.00,Salary Expense,WITHDRAWAL
2024-02-24,Information Technology,INV4000689,582263.49,,269867231.51,Salary Expense,WITHDRAWAL
2024-02-25,Administrative Personnel,INV4000690,1110177.10,,268757054.41,Salary Expense,WITHDRAWAL
2024-02-26,Laboratory Test Kits,CHK4000691,489812.47,,268267241.94,Medical Supplies,WITHDRAWAL
2024-02-27,Surgical Adhesives,ACH4000692,1066524.89,,267200717.05,Medical Supplies,WITHDRAWAL
2024-02-29,Hypodermic Needles and Syringes,CHK4000693,1102146.68,,266098570.37,Medical Supplies,WITHDRAWAL
2024-03-02,Over-the-Counter Sales,TXN4000694,,1089994.55,267188564.92,Pharmacy Revenue,DEPOSIT
2024-03-04,Clinical Fellow Stipend,ACH4000695,795204.75,,266393360.17,Salary Expense,WITHDRAWAL
2024-03-06,High-Resolution X-Ray,TXN4000696,1016110.02,,265377250.15,Equipment,WITHDRAWAL
2024-03-07,Reimbursement - Anthem Select,DEP4000697,,3396227.38,268773477.53,Insurance Revenue,DEPOSIT
2024-03-08,Reimbursement - United Healthcare,TXN4000698,,2507601.77,271281079.30,Insurance Revenue,DEPOSIT
2024-03-17,Diagnostic Services,BAL4000699,,438980.00,271720059.30,Patient Revenue,DEPOSIT
2024-03-20,Emergency Room Charges,TXN4000700,,603703.41,272323762.71,Patient Revenue,DEPOSIT
2024-03-21,Administrative Personnel,CHK4000701,1224550.61,,271099212.10,Salary Expense,WITHDRAWAL
2024-03-22,Patient Beds and Mattresses,BAL4000702,472515.06,,270626697.04,Medical Supplies,WITHDRAWAL
2024-03-27,Injectable Medication Sales,DEP4000703,,382265.25,271008962.29,Pharmacy Revenue,DEPOSIT
2024-03-28,Medical Lab Technician,CHK4000704,463757.48,,270545204.81,Salary Expense,WITHDRAWAL
2024-04-02,Protective Gear and Clothing,ACH4000705,272861.23,,270272343.58,Medical Supplies,WITHDRAWAL
2024-04-03,Medical Doctor Compensation,ACH4000706,1328876.01,,268943467.57,Salary Expense,WITHDRAWAL
2024-04-04,Medical Device Lease,TXN4000707,1130017.87,,267813449.70,Rent Expense,WITHDRAWAL
2024-04-05,Consultation Fee,INV4000708,,527285.36,268340735.06,Patient Revenue,DEPOSIT
2024-04-07,Diagnostic Services,ACH4000709,,96277.90,268437012.96,Patient Revenue,DEPOSIT
2024-04-11,Surgical Adhesives,BAL4000710,556256.72,,267880756.24,Medical Supplies,WITHDRAWAL
2024-04-14,Point of Care Testing,BAL4000711,,114523.75,267995279.99,Lab Revenue,DEPOSIT
2024-04-16,Protective Gear and Clothing,TXN4000712,230509.78,,267764770.21,Medical Supplies,WITHDRAWAL
2024-04-19,Reimbursement - Anthem Select,ACH4000713,,2264127.34,270028897.55,Insurance Revenue,DEPOSIT
2024-04-20,Waste Disposal,INV4000714,420262.51,,269608635.04,Utilities,WITHDRAWAL
2024-04-21,Operating Room Bill,TXN4000715,,705694.17,270314329.21,Patient Revenue,DEPOSIT
2024-04-24,Allergy Testing Panel,INV4000716,,925206.63,271239535.84,Lab Revenue,DEPOSIT
2024-04-25,IV Therapy Administration,CHK4000717,,891481.23,272131017.07,Pharmacy Revenue,DEPOSIT
2024-04-28,Professional License Tax,BAL4000718,641000.25,,271490016.82,Tax Payment,WITHDRAWAL
2024-05-04,Urgent Care Visit,EFT4000719,,640057.40,272130074.22,Patient Revenue,DEPOSIT
2024-05-05,Emergency Room Charges,ACH4000720,,438355.75,272568429.97,Patient Revenue,DEPOSIT
2024-05-06,Billing and Coding Staff,WIR4000721,976794.48,,271591635.49,Salary Expense,WITHDRAWAL
2024-05-10,Visiting Specialist Fees,DEP4000722,1361104.36,,270230531.13,Salary Expense,WITHDRAWAL
2024-05-11,Revenue Cycle Platform,INV4000723,163533.77,,270066997.36,Software Expense,WITHDRAWAL
2024-05-13,Hypodermic Needles and Syringes,WIR4000724,333528.50,,269733468.86,Medical Supplies,WITHDRAWAL
2024-05-14,Operating Room Bill,EFT4000725,,102182.44,269835651.30,Patient Revenue,DEPOSIT
2024-05-16,Reimbursement - Aetna Health,TXN4000726,,1104857.64,270940508.94,Insurance Revenue,DEPOSIT
2024-05-20,Health Records System License,TXN4000727,77515.26,,270862993.68,Software Expense,WITHDRAWAL
2024-05-23,Medical Doctor Compensation,CHK4000728,988291.47,,269874702.21,Salary Expense,WITHDRAWAL
2024-05-24,Archive Storage Rental,WIR4000729,541385.38,,269333316.83,Rent Expense,WITHDRAWAL
2024-05-28,Thyroid Function Panel,BAL4000730,,532357.05,269865673.88,Lab Revenue,DEPOSIT
2024-05-29,Reimbursement - Anthem Select,CHK4000731,,3109656.33,272975330.21,Insurance Revenue,DEPOSIT
2024-06-04,Clinical Fellow Stipend,INV4000732,1069871.43,,271905458.78,Salary Expense,WITHDRAWAL
2024-06-09,Emergency Room Charges,DEP4000733,,87822.51,271993281.29,Patient Revenue,DEPOSIT
2024-06-10,Electrical Wiring Upgrade,WIR4000734,611192.64,,271382088.65,Maintenance,WITHDRAWAL
2024-06-12,Campus Security,BAL4000735,979381.55,,270402707.10,Salary Expense,WITHDRAWAL
2024-06-13,Imaging Center Payment,CHK4000736,,541867.42,270944574.52,Patient Revenue,DEPOSIT
2024-06-14,Cloud Services Lease,INV4000737,927784.20,,270016790.32,Rent Expense,WITHDRAWAL
2024-06-19,Administrative Personnel,BAL4000738,706068.12,,269310722.20,Salary Expense,WITHDRAWAL
2024-06-20,Medical Lab Technician,BAL4000739,411351.70,,268899370.50,Salary Expense,WITHDRAWAL
2024-06-23,Drug Administration Fee,BAL4000740,,101998.20,269001368.70,Patient Revenue,DEPOSIT
2024-06-25,Antibiotic Treatment,DEP4000741,,1064037.34,270065406.04,Pharmacy Revenue,DEPOSIT
2024-06-28,Imaging Equipment Lease,REF4000742,1158466.13,,268906939.91,Rent Expense,WITHDRAWAL
2024-07-06,Consultation Fee,TXN4000743,,530686.87,269437626.78,Patient Revenue,DEPOSIT
2024-07-11,Environmental Services,INV4000744,564093.76,,268873533.02,Salary Expense,WITHDRAWAL
2024-07-13,Reimbursement - Blue Cross Blue Shield,INV4000745,,1601172.64,270474705.66,Insurance Revenue,DEPOSIT
2024-07-14,Surgical Adhesives,DEP4000746,525938.39,,269948767.27,Medical Supplies,WITHDRAWAL
2024-07-16,Protective Gear and Clothing,CHK4000747,416611.72,,269532155.55,Medical Supplies,WITHDRAWAL
2024-07-20,Administrative Personnel,CHK4000748,1442036.21,,268090119.34,Salary Expense,WITHDRAWAL
2024-07-21,Urgent Care Visit,EFT4000749,,472899.43,268563018.77,Patient Revenue,DEPOSIT
2024-07-23,Medical Lab Technician,ACH4000750,962412.56,,267600606.21,Salary Expense,WITHDRAWAL
2024-07-26,Billing and Coding Staff,BAL4000751,971967.80,,266628638.41,Salary Expense,WITHDRAWAL
2024-07-27,Prescription Filling Revenue,EFT4000752,,695855.67,267324494.08,Pharmacy Revenue,DEPOSIT
2024-07-29,Air Handling System Repair,ACH4000753,513418.17,,266811075.91,Maintenance,WITHDRAWAL
2024-07-30,Diagnostic Services,REF4000754,,358801.81,267169877.72,Patient Revenue,DEPOSIT
2024-08-04,Patient Balance Settlement,DEP4000755,,457545.09,267627422.81,Patient Revenue,DEPOSIT
2024-08-05,Reimbursement - Anthem Select,ACH4000756,,2083752.93,269711175.74,Insurance Revenue,DEPOSIT
2024-08-07,Professional Cleaning Service,DEP4000757,170182.75,,269540992.99,Maintenance,WITHDRAWAL
2024-08-10,Specialty Drug Sales,WIR4000758,,1291048.36,270832041.35,Pharmacy Revenue,DEPOSIT
2024-08-11,Advanced Genomic Testing,DEP4000759,,919417.47,271751458.82,Lab Revenue,DEPOSIT
2024-08-12,Reimbursement - Blue Cross Blue Shield,BAL4000760,,218511.02,271969969.84,Insurance Revenue,DEPOSIT
2024-08-16,Air Handling System Repair,BAL4000761,508074.29,,271461895.55,Maintenance,WITHDRAWAL
2024-08-21,Medicare Part B Claim,INV4000762,,2438832.19,273900727.74,Insurance Revenue,DEPOSIT
2024-08-22,Dental Plan Reimbursement,EFT4000763,,1601510.59,275502238.33,Insurance Revenue,DEPOSIT
2024-08-24,Administrative Personnel,REF4000764,885973.76,,274616264.57,Salary Expense,WITHDRAWAL
2024-08-26,Medical Doctor Compensation,ACH4000765,850277.34,,273765987.23,Salary Expense,WITHDRAWAL
2024-08-28,Reimbursement - Cigna PPO,CHK4000766,,1740945.26,275506932.49,Insurance Revenue,DEPOSIT
2024-08-29,Clinical Fellow Stipend,BAL4000767,780989.64,,274725942.85,Salary Expense,WITHDRAWAL
2024-08-30,Vaccination Administration,INV4000768,,383511.24,275109454.09,Patient Revenue,DEPOSIT
2024-09-02,Reimbursement - Blue Cross Blue Shield,EFT4000769,,2655930.22,277765384.31,Insurance Revenue,DEPOSIT
2024-09-03,Mechanical Ventilator,BAL4000770,3610382.03,,274155002.28,Equipment,WITHDRAWAL
2024-09-04,Consultation Fee,EFT4000771,,355598.84,274510601.12,Patient Revenue,DEPOSIT
2024-09-05,Reimbursement - Humana Plus,TXN4000772,,2330274.11,276840875.23,Insurance Revenue,DEPOSIT
2024-09-08,Operating Room Bill,DEP4000773,,247349.26,277088224.49,Patient Revenue,DEPOSIT
2024-09-13,Urgent Care Visit,EFT4000774,,75197.73,277163422.22,Patient Revenue,DEPOSIT
2024-09-14,Emergency Room Charges,BAL4000775,,65194.87,277228617.09,Patient Revenue,DEPOSIT
2024-09-15,Medical Lab Technician,REF4000776,1269601.24,,275959015.85,Salary Expense,WITHDRAWAL
2024-09-16,Health Records System License,TXN4000777,291726.52,,275667289.33,Software Expense,WITHDRAWAL
2024-09-17,Vascular Access Equipment,INV4000778,634854.70,,275032434.63,Medical Supplies,WITHDRAWAL
2024-09-19,Urgent Care Visit,CHK4000779,,226590.03,275259024.66,Patient Revenue,DEPOSIT
2024-09-20,Lift System Maintenance,WIR4000780,597757.57,,274661267.09,Maintenance,WITHDRAWAL
2024-09-21,Specialty Drug Sales,DEP4000781,,1390663.93,276051931.02,Pharmacy Revenue,DEPOSIT
2024-09-24,Archive Storage Rental,CHK4000782,549032.79,,275502898.23,Rent Expense,WITHDRAWAL
2024-09-25,Emergency Room Charges,DEP4000783,,511380.12,276014278.35,Patient Revenue,DEPOSIT
2024-09-26,State Medicaid Program,INV4000784,,3354441.17,279368719.52,Insurance Revenue,DEPOSIT
2024-10-02,Reimbursement - Humana Plus,ACH4000785,,321210.12,279689929.64,Insurance Revenue,DEPOSIT
2024-10-03,Communications Systems,CHK4000786,178170.89,,279511758.75,Utilities,WITHDRAWAL
2024-10-04,Vaccination Administration,DEP4000787,,638211.33,280149970.08,Patient Revenue,DEPOSIT
2024-10-08,Specialty Drug Sales,REF4000788,,368955.75,280518925.83,Pharmacy Revenue,DEPOSIT
2024-10-09,Campus Security,WIR4000789,523606.89,,279995318.94,Salary Expense,WITHDRAWAL
2024-10-13,Medical Doctor Compensation,BAL4000790,881962.63,,279113356.31,Salary Expense,WITHDRAWAL
2024-10-14,Tax Year Settlement,WIR4000791,643853.30,,278469503.01,Tax Payment,WITHDRAWAL
2024-10-15,Campus Security,REF4000792,1514884.89,,276954618.12,Salary Expense,WITHDRAWAL
2024-10-16,Water Treatment Services,BAL4000793,596583.02,,276358035.10,Utilities,WITHDRAWAL
2024-10-17,Reimbursement - United Healthcare,BAL4000794,,1498857.20,277856892.30,Insurance Revenue,DEPOSIT
2024-10-23,Imaging Equipment Lease,INV4000795,920459.04,,276936433.26,Rent Expense,WITHDRAWAL
2024-10-24,Patient Beds and Mattresses,TXN4000796,792820.53,,276143612.73,Medical Supplies,WITHDRAWAL
2024-10-25,Billing and Coding Staff,ACH4000797,1169407.03,,274974205.70,Salary Expense,WITHDRAWAL
2024-10-28,Sample Management,TXN4000798,282775.90,,274691429.80,Software Expense,WITHDRAWAL
2024-10-29,State Medicaid Program,TXN4000799,,581345.41,275272775.21,Insurance Revenue,DEPOSIT
2024-10-30,Reimbursement - Humana Plus,CHK4000800,,2220718.38,277493493.59,Insurance Revenue,DEPOSIT
2024-11-02,Dental Plan Reimbursement,INV4000801,,1123968.86,278617462.45,Insurance Revenue,DEPOSIT
2024-11-05,Imaging Center Payment,REF4000802,,169275.56,278786738.01,Patient Revenue,DEPOSIT
2024-11-13,Consultation Fee,CHK4000803,,258693.36,279045431.37,Patient Revenue,DEPOSIT
2024-11-16,Plumbing System Service,BAL4000804,280410.47,,278765020.90,Maintenance,WITHDRAWAL
2024-11-19,Medication Compounding,ACH4000805,,418124.89,279183145.79,Pharmacy Revenue,DEPOSIT
2024-11-25,Medicare Part B Claim,DEP4000806,,3168600.58,282351746.37,Insurance Revenue,DEPOSIT
2024-11-27,Nursing Staff Payroll,EFT4000807,1548751.13,,280802995.24,Salary Expense,WITHDRAWAL
2024-11-29,Prescription Filling Revenue,REF4000808,,1067835.20,281870830.44,Pharmacy Revenue,DEPOSIT
2024-12-01,Emergency Room Charges,CHK4000809,,463611.87,282334442.31,Patient Revenue,DEPOSIT
2024-12-03,Reimbursement - Cigna PPO,INV4000810,,2634429.01,284968871.32,Insurance Revenue,DEPOSIT
2024-12-07,Compressed Air Systems,DEP4000811,285784.47,,284683086.85,Utilities,WITHDRAWAL
2024-12-11,Professional Cleaning Service,TXN4000812,206850.31,,284476236.54,Maintenance,WITHDRAWAL
2024-12-13,Pathology Microscope,BAL4000813,2286191.59,,282190044.95,Equipment,WITHDRAWAL
2024-12-15,Surgical Equipment Rental,TXN4000814,489560.46,,281700484.49,Rent Expense,WITHDRAWAL
2024-12-20,Insufficient Fund Charge,TXN4000815,17794.52,,281682689.97,Bank Fees,WITHDRAWAL
2024-12-22,Information Technology,ACH4000816,723577.80,,280959112.17,Salary Expense,WITHDRAWAL
2024-12-23,Surgical Equipment Rental,CHK4000817,596517.92,,280362594.25,Rent Expense,WITHDRAWAL
2024-12-24,Reimbursement - Cigna PPO,DEP4000818,,346098.90,280708693.15,Insurance Revenue,DEPOSIT
2024-12-25,Reimbursement - Humana Plus,BAL4000819,,2007929.29,282716622.44,Insurance Revenue,DEPOSIT
2024-12-26,Security Incident Response,ACH4000820,313038.73,,282403583.71,Software Expense,WITHDRAWAL
2024-12-28,Medicare Part B Claim,CHK4000821,,2309609.08,284713192.79,Insurance Revenue,DEPOSIT
2024-12-30,Toxicology Screen,DEP4000822,,214965.16,284928157.95,Lab Revenue,DEPOSIT
2025-01-01,Medical Doctor Compensation,TXN4000823,864743.33,,284063414.62,Salary Expense,WITHDRAWAL
2025-01-04,Emergency Room Charges,WIR4000824,,663819.44,284727234.06,Patient Revenue,DEPOSIT
2025-01-05,Surgical Equipment Rental,DEP4000825,1115474.39,,283611759.67,Rent Expense,WITHDRAWAL
2025-01-06,Tissue Sample Analysis,ACH4000826,,119557.71,283731317.38,Lab Revenue,DEPOSIT
2025-01-08,Reimbursement - Cigna PPO,CHK4000827,,1927946.32,285659263.70,Insurance Revenue,DEPOSIT
2025-01-09,Medical Lab Technician,TXN4000828,808420.04,,284850843.66,Salary Expense,WITHDRAWAL
2025-01-11,Compressed Air Systems,DEP4000829,519909.01,,284330934.65,Utilities,WITHDRAWAL
2025-01-12,Clearinghouse Fee,WIR4000830,34064.83,,284296869.82,Bank Fees,WITHDRAWAL
2025-01-16,Dental Plan Reimbursement,TXN4000831,,1169518.52,285466388.34,Insurance Revenue,DEPOSIT
2025-01-18,Social Security Tax,CHK4000832,1086473.54,,284379914.80,Tax Payment,WITHDRAWAL
2025-01-21,Vaccination Administration,TXN4000833,,669086.40,285049001.20,Patient Revenue,DEPOSIT
2025-01-22,Specialty Drug Sales,BAL4000834,,488220.61,285537221.81,Pharmacy Revenue,DEPOSIT
2025-01-25,Physical Therapy Session,TXN4000835,,257427.27,285794649.08,Patient Revenue,DEPOSIT
2025-01-27,State Medicaid Program,EFT4000836,,3453978.85,289248627.93,Insurance Revenue,DEPOSIT
2025-01-29,Protective Gear and Clothing,EFT4000837,403027.51,,288845600.42,Medical Supplies,WITHDRAWAL
2025-01-30,Diagnostic Services,INV4000838,,55174.11,288900774.53,Patient Revenue,DEPOSIT
2025-01-31,Injectable Medication Sales,BAL4000839,,1333196.39,290233970.92,Pharmacy Revenue,DEPOSIT
2025-02-01,Payment Processing,DEP4000840,32943.95,,290201026.97,Bank Fees,WITHDRAWAL
2025-02-04,Information Technology,DEP4000841,1041240.74,,289159786.23,Salary Expense,WITHDRAWAL
2025-02-06,Information Technology,INV4000842,497656.54,,288662129.69,Salary Expense,WITHDRAWAL
2025-02-07,Diagnostic Services,WIR4000843,,493256.31,289155386.00,Patient Revenue,DEPOSIT
2025-02-08,Vaccination Administration,EFT4000844,,331961.28,289487347.28,Patient Revenue,DEPOSIT
2025-02-12,Reimbursement - Humana Plus,CHK4000845,,737034.14,290224381.42,Insurance Revenue,DEPOSIT
2025-02-14,Pathology Microscope,DEP4000846,3738749.68,,286485631.74,Equipment,WITHDRAWAL
2025-02-16,Controlled Substance Dispensing,TXN4000847,,685060.56,287170692.30,Pharmacy Revenue,DEPOSIT
2025-02-17,Behavioral Health Reimbursement,TXN4000848,,3146638.65,290317330.95,Insurance Revenue,DEPOSIT
2025-02-20,Behavioral Health Reimbursement,ACH4000849,,2080116.22,292397447.17,Insurance Revenue,DEPOSIT
2025-02-23,Controlled Substance Dispensing,WIR4000850,,1085745.60,293483192.77,Pharmacy Revenue,DEPOSIT
2025-02-25,Microsoft Enterprise,TXN4000851,181659.86,,293301532.91,Software Expense,WITHDRAWAL
2025-02-26,Reimbursement - Cigna PPO,TXN4000852,,426822.27,293728355.18,Insurance Revenue,DEPOSIT
2025-02-27,Respiratory Support,CHK4000853,681541.92,,293046813.26,Medical Supplies,WITHDRAWAL
2025-02-28,Reimbursement - Anthem Select,WIR4000854,,1149631.26,294196444.52,Insurance Revenue,DEPOSIT
2025-03-02,Advanced Ultrasound Machine,BAL4000855,1668563.01,,292527881.51,Equipment,WITHDRAWAL
2025-03-05,Environmental Services,ACH4000856,840427.80,,291687453.71,Salary Expense,WITHDRAWAL
2025-03-07,Heating and Cooling,REF4000857,479040.28,,291208413.43,Utilities,WITHDRAWAL
2025-03-08,Visiting Specialist Fees,BAL4000858,1019345.80,,290189067.63,Salary Expense,WITHDRAWAL
2025-03-09,Physical Therapy Session,TXN4000859,,285320.58,290474388.21,Patient Revenue,DEPOSIT
2025-03-11,Operating Room Bill,REF4000860,,26197.18,290500585.39,Patient Revenue,DEPOSIT
2025-03-14,Diagnostic Services,EFT4000861,,461534.82,290962120.21,Patient Revenue,DEPOSIT
2025-03-15,Quality Assurance Testing,DEP4000862,,557302.71,291519422.92,Lab Revenue,DEPOSIT
2025-03-19,Medical Oxygen Supply,REF4000863,404667.31,,291114755.61,Utilities,WITHDRAWAL
2025-03-20,Drape and Covering Supplies,INV4000864,380668.95,,290734086.66,Medical Supplies,WITHDRAWAL
2025-03-27,Virtual Care Platform,TXN4000865,385403.98,,290348682.68,Software Expense,WITHDRAWAL
2025-04-02,Patient Balance Settlement,TXN4000866,,471883.58,290820566.26,Patient Revenue,DEPOSIT
2025-04-03,Billing and Coding Staff,DEP4000867,610556.41,,290210009.85,Salary Expense,WITHDRAWAL
2025-04-05,Emergency Room Charges,REF4000868,,31487.37,290241497.22,Patient Revenue,DEPOSIT
2025-04-07,Information Technology,DEP4000869,862525.05,,289378972.17,Salary Expense,WITHDRAWAL
2025-04-09,Campus Security,BAL4000870,718099.14,,288660873.03,Salary Expense,WITHDRAWAL
2025-04-10,Patient Beds and Mattresses,BAL4000871,468061.98,,288192811.05,Medical Supplies,WITHDRAWAL
2025-04-11,Physical Therapy Session,REF4000872,,641265.59,288834076.64,Patient Revenue,DEPOSIT
2025-04-17,Advanced Genomic Testing,INV4000873,,1000294.23,289834370.87,Lab Revenue,DEPOSIT
2025-04-20,Administrative Personnel,EFT4000874,961880.13,,288872490.74,Salary Expense,WITHDRAWAL
2025-04-23,Mechanical Ventilator,WIR4000875,2067006.21,,286805484.53,Equipment,WITHDRAWAL
2025-04-27,Prescription Filling Revenue,ACH4000876,,373178.86,287178663.39,Pharmacy Revenue,DEPOSIT
2025-04-30,Diagnostic Services,BAL4000877,,362980.11,287541643.50,Patient Revenue,DEPOSIT
2025-05-08,Thyroid Function Panel,TXN4000878,,140031.16,287681674.66,Lab Revenue,DEPOSIT
2025-05-13,Electrical Wiring Upgrade,ACH4000879,465559.57,,287216115.09,Maintenance,WITHDRAWAL
2025-05-14,Consultation Fee,BAL4000880,,623204.95,287839320.04,Patient Revenue,DEPOSIT
2025-05-20,Vascular Access Equipment,ACH4000881,284098.98,,287555221.06,Medical Supplies,WITHDRAWAL
2025-05-21,Emergency Transport Lease,WIR4000882,738947.17,,286816273.89,Rent Expense,WITHDRAWAL
2025-05-23,Air Handling System Repair,ACH4000883,383208.69,,286433065.20,Maintenance,WITHDRAWAL
2025-05-24,Injectable Medication Sales,TXN4000884,,580223.63,287013288.83,Pharmacy Revenue,DEPOSIT
2025-05-26,International Wire Fee,CHK4000885,4658.49,,287008630.34,Bank Fees,WITHDRAWAL
2025-05-27,Fire Safety System,INV4000886,494260.26,,286514370.08,Maintenance,WITHDRAWAL
2025-06-02,Campus Security,WIR4000887,483025.42,,286031344.66,Salary Expense,WITHDRAWAL
2025-06-03,Environmental Services,CHK4000888,706917.15,,285324427.51,Salary Expense,WITHDRAWAL
2025-06-05,Clinical Fellow Stipend,INV4000889,641389.56,,284683037.95,Salary Expense,WITHDRAWAL
2025-06-06,Primary Facility Lease,WIR4000890,486187.71,,284196850.24,Rent Expense,WITHDRAWAL
2025-06-07,Imaging Center Payment,BAL4000891,,106644.09,284303494.33,Patient Revenue,DEPOSIT
2025-06-08,Operating Room Bill,DEP4000892,,213570.30,284517064.63,Patient Revenue,DEPOSIT
2025-06-09,Vascular Access Equipment,WIR4000893,915836.96,,283601227.67,Medical Supplies,WITHDRAWAL
2025-06-11,Vascular Access Equipment,CHK4000894,797509.27,,282803718.40,Medical Supplies,WITHDRAWAL
2025-06-12,Vaccination Administration,REF4000895,,465508.12,283269226.52,Patient Revenue,DEPOSIT
2025-06-15,Social Security Tax,TXN4000896,980775.05,,282288451.47,Tax Payment,WITHDRAWAL
2025-06-19,Nursing Staff Payroll,REF4000897,506926.42,,281781525.05,Salary Expense,WITHDRAWAL
2025-06-20,Dental Plan Reimbursement,EFT4000898,,1539507.38,283321032.43,Insurance Revenue,DEPOSIT
2025-06-21,Payment Processing,ACH4000899,32863.47,,283288168.96,Bank Fees,WITHDRAWAL
2025-06-22,Over-the-Counter Sales,INV4000900,,336143.02,283624311.98,Pharmacy Revenue,DEPOSIT
2025-06-23,Medical Doctor Compensation,WIR4000901,1353344.87,,282270967.11,Salary Expense,WITHDRAWAL
2025-06-27,Reimbursement - Blue Cross Blue Shield,EFT4000902,,1298296.25,283569263.36,Insurance Revenue,DEPOSIT
2025-06-29,Information Technology,DEP4000903,662872.38,,282906390.98,Salary Expense,WITHDRAWAL
2025-06-30,Campus Security,REF4000904,1541695.15,,281364695.83,Salary Expense,WITHDRAWAL
2025-07-01,Antibiotic Treatment,BAL4000905,,1206697.24,282571393.07,Pharmacy Revenue,DEPOSIT
2025-07-02,Resuscitation Equipment,WIR4000906,3375358.16,,279196034.91,Equipment,WITHDRAWAL
2025-07-03,Injectable Medication Sales,INV4000907,,408220.79,279604255.70,Pharmacy Revenue,DEPOSIT
2025-07-04,Social Security Tax,BAL4000908,428933.77,,279175321.93,Tax Payment,WITHDRAWAL
2025-07-06,Emergency Power,REF4000909,159456.45,,279015865.48,Utilities,WITHDRAWAL
2025-07-08,Behavioral Health Reimbursement,CHK4000910,,2498581.20,281514446.68,Insurance Revenue,DEPOSIT
2025-07-12,Diagnostic Services,TXN4000911,,130066.00,281644512.68,Patient Revenue,DEPOSIT
2025-07-13,Antivirus and Malware,WIR4000912,203144.53,,281441368.15,Software Expense,WITHDRAWAL
2025-07-14,Patient Balance Settlement,BAL4000913,,157565.09,281598933.24,Patient Revenue,DEPOSIT
2025-07-15,Patient Balance Settlement,INV4000914,,611665.25,282210598.49,Patient Revenue,DEPOSIT
2025-07-16,Drape and Covering Supplies,INV4000915,759951.74,,281450646.75,Medical Supplies,WITHDRAWAL
2025-07-17,Drug Administration Fee,BAL4000916,,274518.46,281725165.21,Patient Revenue,DEPOSIT
2025-07-18,Consultation Fee,BAL4000917,,291530.26,282016695.47,Patient Revenue,DEPOSIT
2025-07-19,Patient Beds and Mattresses,BAL4000918,1149669.56,,280867025.91,Medical Supplies,WITHDRAWAL
2025-07-21,Waste Disposal,WIR4000919,529932.48,,280337093.43,Utilities,WITHDRAWAL
2025-07-25,Patient Balance Settlement,INV4000920,,581756.23,280918849.66,Patient Revenue,DEPOSIT
2025-07-26,Advanced Genomic Testing,EFT4000921,,335077.44,281253927.10,Lab Revenue,DEPOSIT
2025-07-28,Comprehensive Metabolic Panel,ACH4000922,,855509.15,282109436.25,Lab Revenue,DEPOSIT
2025-07-30,Imaging Center Payment,BAL4000923,,236963.18,282346399.43,Patient Revenue,DEPOSIT
2025-07-31,Dental Plan Reimbursement,TXN4000924,,3413326.64,285759726.07,Insurance Revenue,DEPOSIT
2025-08-01,Behavioral Health Reimbursement,WIR4000925,,2615958.08,288375684.15,Insurance Revenue,DEPOSIT
2025-08-03,Urgent Care Visit,DEP4000926,,90066.03,288465750.18,Patient Revenue,DEPOSIT
2025-08-07,Thyroid Function Panel,DEP4000927,,510015.15,288975765.33,Lab Revenue,DEPOSIT
2025-08-10,Tissue Sample Analysis,ACH4000928,,565291.54,289541056.87,Lab Revenue,DEPOSIT
2025-08-13,Bedside Monitor System,WIR4000929,2863745.09,,286677311.78,Equipment,WITHDRAWAL
2025-08-17,Reimbursement - United Healthcare,TXN4000930,,620436.75,287297748.53,Insurance Revenue,DEPOSIT
2025-08-18,Network and Internet,TXN4000931,293084.51,,287004664.02,Utilities,WITHDRAWAL
2025-08-20,Reimbursement - Aetna Health,BAL4000932,,1113838.33,288118502.35,Insurance Revenue,DEPOSIT
2025-08-21,Medical Oxygen Supply,REF4000933,314734.89,,287803767.46,Utilities,WITHDRAWAL
2025-08-22,Consultation Fee,BAL4000934,,152691.40,287956458.86,Patient Revenue,DEPOSIT
2025-08-24,Specialty Drug Sales,CHK4000935,,879254.10,288835712.96,Pharmacy Revenue,DEPOSIT
2025-08-25,Toxicology Screen,TXN4000936,,830534.47,289666247.43,Lab Revenue,DEPOSIT
2025-08-29,Surgical Adhesives,REF4000937,948862.59,,288717384.84,Medical Supplies,WITHDRAWAL
2025-09-04,Environmental Services,DEP4000938,790915.02,,287926469.82,Salary Expense,WITHDRAWAL
2025-09-05,Diagnostic Services,EFT4000939,,46779.33,287973249.15,Patient Revenue,DEPOSIT
2025-09-08,Pharmaceutical Wholesale Markup,WIR4000940,,1152770.32,289126019.47,Pharmacy Revenue,DEPOSIT
2025-09-11,Physical Therapy Session,EFT4000941,,142290.19,289268309.66,Patient Revenue,DEPOSIT
2025-09-12,Physical Therapy Session,DEP4000942,,14369.04,289282678.70,Patient Revenue,DEPOSIT
2025-09-16,Reimbursement - United Healthcare,DEP4000943,,1130191.38,290412870.08,Insurance Revenue,DEPOSIT
2025-09-17,Consultation Fee,WIR4000944,,353288.98,290766159.06,Patient Revenue,DEPOSIT
2025-09-18,Operating Room Bill,CHK4000945,,499067.51,291265226.57,Patient Revenue,DEPOSIT
2025-09-19,Reimbursement - Blue Cross Blue Shield,INV4000946,,144456.77,291409683.34,Insurance Revenue,DEPOSIT
2025-09-21,Reimbursement - Blue Cross Blue Shield,EFT4000947,,172091.26,291581774.60,Insurance Revenue,DEPOSIT
2025-09-23,Electrical Power Supply,REF4000948,482538.81,,291099235.79,Utilities,WITHDRAWAL
2025-09-26,Vascular Access Equipment,BAL4000949,821223.14,,290278012.65,Medical Supplies,WITHDRAWAL
2025-09-27,Campus Security,TXN4000950,1286242.79,,288991769.86,Salary Expense,WITHDRAWAL
2025-09-28,Bedside Monitor System,BAL4000951,1447616.47,,287544153.39,Equipment,WITHDRAWAL
2025-09-29,Allergy Testing Panel,WIR4000952,,939953.98,288484107.37,Lab Revenue,DEPOSIT
2025-09-30,Bedside Monitor System,EFT4000953,2345181.62,,286138925.75,Equipment,WITHDRAWAL
2025-10-01,Drug Administration Fee,REF4000954,,196498.76,286335424.51,Patient Revenue,DEPOSIT
2025-10-05,Urgent Care Visit,CHK4000955,,486750.25,286822174.76,Patient Revenue,DEPOSIT
2025-10-06,Reimbursement - Aetna Health,INV4000956,,2670215.11,289492389.87,Insurance Revenue,DEPOSIT
2025-10-08,Visiting Specialist Fees,INV4000957,1115752.42,,288376637.45,Salary Expense,WITHDRAWAL
2025-10-12,Medical Image Archive,INV4000958,309458.31,,288067179.14,Software Expense,WITHDRAWAL
2025-10-13,Billing and Coding Staff,CHK4000959,700937.76,,287366241.38,Salary Expense,WITHDRAWAL
2025-10-15,Operating Room Bill,CHK4000960,,173858.20,287540099.58,Patient Revenue,DEPOSIT
2025-10-16,Clinical Fellow Stipend,INV4000961,480584.89,,287059514.69,Salary Expense,WITHDRAWAL
2025-10-17,Reimbursement - Blue Cross Blue Shield,REF4000962,,2296920.30,289356434.99,Insurance Revenue,DEPOSIT
2025-10-18,Emergency Power,EFT4000963,563240.01,,288793194.98,Utilities,WITHDRAWAL
2025-10-20,Reimbursement - Aetna Health,CHK4000964,,2501994.24,291295189.22,Insurance Revenue,DEPOSIT
2025-10-24,Visiting Specialist Fees,ACH4000965,723287.23,,290571901.99,Salary Expense,WITHDRAWAL
2025-10-25,Clinical Fellow Stipend,REF4000966,862071.55,,289709830.44,Salary Expense,WITHDRAWAL
2025-10-28,Behavioral Health Reimbursement,REF4000967,,2052276.65,291762107.09,Insurance Revenue,DEPOSIT
2025-10-30,Over-the-Counter Sales,CHK4000968,,1341396.89,293103503.98,Pharmacy Revenue,DEPOSIT
2025-11-01,Reimbursement - Humana Plus,BAL4000969,,1686415.00,294789918.98,Insurance Revenue,DEPOSIT
2025-11-02,Billing and Coding Staff,TXN4000970,742696.14,,294047222.84,Salary Expense,WITHDRAWAL
2025-11-04,Specialty Drug Sales,DEP4000971,,465827.59,294513050.43,Pharmacy Revenue,DEPOSIT
2025-11-05,Social Security Tax,TXN4000972,1322458.23,,293190592.20,Tax Payment,WITHDRAWAL
2025-11-06,Archive Storage Rental,REF4000973,1042883.56,,292147708.64,Rent Expense,WITHDRAWAL
2025-11-07,Environmental Services,TXN4000974,1194876.45,,290952832.19,Salary Expense,WITHDRAWAL
2025-11-12,Medicare Part B Claim,EFT4000975,,1137402.31,292090234.50,Insurance Revenue,DEPOSIT
2025-11-13,Reimbursement - United Healthcare,CHK4000976,,442190.49,292532424.99,Insurance Revenue,DEPOSIT
2025-11-16,Environmental Services,TXN4000977,936063.50,,291596361.49,Salary Expense,WITHDRAWAL
2025-11-17,Advanced Genomic Testing,ACH4000978,,318053.67,291914415.16,Lab Revenue,DEPOSIT
2025-11-20,Reimbursement - Aetna Health,BAL4000979,,1630327.05,293544742.21,Insurance Revenue,DEPOSIT
2025-11-21,Vaccination Administration,DEP4000980,,572485.25,294117227.46,Patient Revenue,DEPOSIT
2025-11-24,Patient Balance Settlement,WIR4000981,,302159.32,294419386.78,Patient Revenue,DEPOSIT
2025-11-25,Emergency Power,INV4000982,493660.50,,293925726.28,Utilities,WITHDRAWAL
2025-11-28,Drug Administration Fee,TXN4000983,,321073.88,294246800.16,Patient Revenue,DEPOSIT
2025-11-29,Patient Balance Settlement,WIR4000984,,433419.33,294680219.49,Patient Revenue,DEPOSIT
2025-12-07,Allergy Testing Panel,WIR4000985,,750885.28,295431104.77,Lab Revenue,DEPOSIT
2025-12-08,Visiting Specialist Fees,INV4000986,589572.14,,294841532.63,Salary Expense,WITHDRAWAL
2025-12-09,Protective Gear and Clothing,REF4000987,215949.24,,294625583.39,Medical Supplies,WITHDRAWAL
2025-12-10,Vaccination Administration,TXN4000988,,308860.05,294934443.44,Patient Revenue,DEPOSIT
2025-12-11,Surgical Instrument Packs,CHK4000989,454459.02,,294479984.42,Medical Supplies,WITHDRAWAL
2025-12-13,Drape and Covering Supplies,INV4000990,114990.06,,294364994.36,Medical Supplies,WITHDRAWAL
2025-12-14,Medical Lab Technician,EFT4000991,1432449.12,,292932545.24,Salary Expense,WITHDRAWAL
2025-12-15,Consultation Fee,EFT4000992,,22649.08,292955194.32,Patient Revenue,DEPOSIT
2025-12-18,Patient Balance Settlement,DEP4000993,,47747.16,293002941.48,Patient Revenue,DEPOSIT
2025-12-19,Consultation Fee,TXN4000994,,109065.53,293112007.01,Patient Revenue,DEPOSIT
2025-12-21,Nursing Staff Payroll,BAL4000995,788372.59,,292323634.42,Salary Expense,WITHDRAWAL
2025-12-23,Behavioral Health Reimbursement,INV4000996,,3453295.44,295776929.86,Insurance Revenue,DEPOSIT
2025-12-24,Dental Plan Reimbursement,CHK4000997,,3175891.23,298952821.09,Insurance Revenue,DEPOSIT
2025-12-27,Physical Therapy Session,REF4000998,,158379.91,299111201.00,Patient Revenue,DEPOSIT
2025-12-30,Reimbursement - Cigna PPO,BAL4000999,,945837.48,300057038.48,Insurance Revenue,DEPOSIT
